username,cantidad_publicaciones,cantidad_seguidores,cantidad_seguidos,url_imagen,cantidad_caracteres,cantidad_hashtags,fecha_publicacion,cantidad_likes
bellapoarch,336,13579513,708,https://instagram.flim13-1.fna.fbcdn.net/v/t51.2885-15/314498544_869823724034835_772642996425591327_n.jpg?stp=dst-jpg_e35&_nc_ht=instagram.flim13-1.fna.fbcdn.net&_nc_cat=1&_nc_ohc=7Dspm8mYypUAX_YVOsk&edm=AP_V10EBAAAA&ccb=7-5&oh=00_AfAmCe-cpZlOiqKmXX50E-CNk22W6TipNP_fd2LeNrD0dg&oe=63A8B474&_nc_sid=4f375e,2,0,2022-11-08,434378
bellapoarch,336,13579606,708,https://instagram.flim13-1.fna.fbcdn.net/v/t51.2885-15/314498544_869823724034835_772642996425591327_n.jpg?stp=dst-jpg_e35&_nc_ht=instagram.flim13-1.fna.fbcdn.net&_nc_cat=1&_nc_ohc=7Dspm8mYypUAX_YVOsk&edm=AP_V10EBAAAA&ccb=7-5&oh=00_AfAmCe-cpZlOiqKmXX50E-CNk22W6TipNP_fd2LeNrD0dg&oe=63A8B474&_nc_sid=4f375e,2,0,2022-11-08,434383
cristiano,3414,520542973,520,https://instagram.flim13-1.fna.fbcdn.net/v/t51.2885-15/319059673_1184248102524015_8448229998136680849_n.jpg?stp=dst-jpg_e35_s1080x1080&_nc_ht=instagram.flim13-1.fna.fbcdn.net&_nc_cat=1&_nc_ohc=GHSRJDynhIUAX-8fOU7&edm=AP_V10EBAAAA&ccb=7-5&oh=00_AfDTxi-AvuCV5X6AQQGjTFCh6N9SghyjH_Q7u9MRXRi_FA&oe=63A7916B&_nc_sid=4f375e,1079,0,2022-12-11,31838645
cristiano,3414,520542973,520,https://instagram.flim13-1.fna.fbcdn.net/v/t51.2885-15/318642934_175948765115706_8296647150644290287_n.jpg?stp=dst-jpg_e35_s1080x1080&_nc_ht=instagram.flim13-1.fna.fbcdn.net&_nc_cat=1&_nc_ohc=CgUoT8K1RbgAX9Off5U&edm=AP_V10EBAAAA&ccb=7-5&oh=00_AfArSJtissOCeG0HLmNbTzEKXi05-O7HQg__b-ZXyXjg7A&oe=63A80EC5&_nc_sid=4f375e,287,0,2022-12-09,16276045
cristiano,3414,520542973,520,https://instagram.flim13-1.fna.fbcdn.net/v/t51.2885-15/318464432_975144403445335_5889341956296946945_n.jpg?stp=dst-jpg_e35&_nc_ht=instagram.flim13-1.fna.fbcdn.net&_nc_cat=1&_nc_ohc=_YTVY_4NlXUAX-Wzjk9&edm=AP_V10EBAAAA&ccb=7-5&oh=00_AfAvaa5yeqysIut-W0Z4P_teZZmSIEYEI4QDedolc0CA3A&oe=63A83F66&_nc_sid=4f375e,270,0,2022-12-08,10520957
cristiano,3414,520542973,520,https://instagram.flim13-1.fna.fbcdn.net/v/t51.2885-15/318321895_702277424528438_3040417998436910014_n.jpg?stp=dst-jpg_e35_s1080x1080&_nc_ht=instagram.flim13-1.fna.fbcdn.net&_nc_cat=1&_nc_ohc=DUXam1A3aAUAX8AYG7k&edm=AP_V10EBAAAA&ccb=7-5&oh=00_AfAQE9BqC2mwpULZs8kU4390-0TZOXmtNO8oiLzlcCB--w&oe=63A7D726&_nc_sid=4f375e,145,0,2022-12-06,9812705
cristiano,3414,520542973,520,https://instagram.flim13-1.fna.fbcdn.net/v/t51.2885-15/318014772_689753212708514_7167316326907450091_n.jpg?stp=dst-jpg_e35_s1080x1080&_nc_ht=instagram.flim13-1.fna.fbcdn.net&_nc_cat=1&_nc_ohc=ozs-gwD2hcEAX8Cp6lt&edm=AP_V10EBAAAA&ccb=7-5&oh=00_AfBBFYQohndtDXJqF4bxxy1gulQo63r9VF-CQSoYPymNgQ&oe=63A92DE2&_nc_sid=4f375e,6,0,2022-12-04,8554200
cristiano,3414,520542973,520,https://instagram.flim13-1.fna.fbcdn.net/v/t51.2885-15/317856934_202361908936999_2426794926029818802_n.jpg?stp=dst-jpg_e35_s1080x1080&_nc_ht=instagram.flim13-1.fna.fbcdn.net&_nc_cat=1&_nc_ohc=p_aT_tM6b5EAX8sgs77&edm=AP_V10EBAAAA&ccb=7-5&oh=00_AfA39Zjt7qqFBhN228tJ6Xn2Kym-8Sh_hLc2nIOme0eNsA&oe=63A8DFEB&_nc_sid=4f375e,134,0,2022-12-02,9806490
cristiano,3414,520542973,520,https://instagram.flim13-1.fna.fbcdn.net/v/t51.2885-15/317626894_1222903951965330_4390231730193072467_n.jpg?stp=dst-jpg_e35_s1080x1080&_nc_ht=instagram.flim13-1.fna.fbcdn.net&_nc_cat=1&_nc_ohc=DuYaB8KS40sAX9gmPRc&edm=AP_V10EBAAAA&ccb=7-5&oh=00_AfDHG65pl0NvOWvrz7jIQ-nGCIckogiHacGZl6go4Jbqpw&oe=63A8B6FB&_nc_sid=4f375e,236,0,2022-11-28,17195921
cristiano,3414,520542973,520,https://instagram.flim13-1.fna.fbcdn.net/v/t51.2885-15/316675641_169368039047585_4494852580834795066_n.jpg?stp=dst-jpg_e35_p1080x1080&_nc_ht=instagram.flim13-1.fna.fbcdn.net&_nc_cat=1&_nc_ohc=Xip1P-OSn4AAX-c3t8H&edm=AP_V10EBAAAA&ccb=7-5&oh=00_AfAbsNt6SWn1nbUHb5AVo2FeGb0aId96U-4nihGpj6qcyw&oe=63A925B1&_nc_sid=4f375e,347,0,2022-11-25,14522412
arianagrande,4980,345829181,575,https://instagram.flim13-1.fna.fbcdn.net/v/t51.2885-15/318963212_1252607698651473_3648337316211840203_n.jpg?stp=dst-jpg_e35&_nc_ht=instagram.flim13-1.fna.fbcdn.net&_nc_cat=1&_nc_ohc=_G0ddToz8qsAX_JAxmr&edm=AP_V10EBAAAA&ccb=7-5&oh=00_AfAauwCCyQxAe82NXO1ii9dvuMT_kzY2-ryrN29EfElQog&oe=63A8638E&_nc_sid=4f375e,2,0,2022-12-11,2023080
selenagomez,1849,365363290,234,https://instagram.flim13-1.fna.fbcdn.net/v/t51.2885-15/313507983_1606778319822794_7788631046059891063_n.jpg?stp=dst-jpg_e35_p1080x1080&_nc_ht=instagram.flim13-1.fna.fbcdn.net&_nc_cat=1&_nc_ohc=VhrBqV8NeOkAX9F8j-Q&edm=AP_V10EBAAAA&ccb=7-5&oh=00_AfD_yLwTZ6JmUaOELbZBjaUI-bsaGuhy3yNuAqjefMNdhg&oe=63A80C75&_nc_sid=4f375e,18,0,2022-10-29,6380253
selenagomez,1849,365363290,234,https://instagram.flim13-1.fna.fbcdn.net/v/t51.2885-15/312412709_146985901385004_493092287795400826_n.jpg?stp=dst-jpg_e35_s1080x1080&_nc_ht=instagram.flim13-1.fna.fbcdn.net&_nc_cat=1&_nc_ohc=Y-4g51pZ8nQAX9J4hdf&edm=AP_V10EBAAAA&ccb=7-5&oh=00_AfAVo_hFAp4Cv2ePqNnP-z8VVREXjZRmdjBceUIR4Hcm4Q&oe=63A7B4F7&_nc_sid=4f375e,148,0,2022-10-24,1847400
selenagomez,1849,365363290,234,https://instagram.flim13-1.fna.fbcdn.net/v/t51.2885-15/310300814_1540805036339867_779464102743853380_n.jpg?stp=dst-jpg_e35&_nc_ht=instagram.flim13-1.fna.fbcdn.net&_nc_cat=1&_nc_ohc=__BOef8K0gYAX_jVvdq&edm=AP_V10EBAAAA&ccb=7-5&oh=00_AfBaghIZWKVBfREw654mbnrz_ZhSN5Q7Bdl8j2ui1zGx3A&oe=63A8E984&_nc_sid=4f375e,142,0,2022-10-07,2194262
therock,7034,354540491,625,https://instagram.flim13-1.fna.fbcdn.net/v/t51.2885-15/320915220_529260355923656_6127999420422709803_n.jpg?stp=dst-jpg_e35&_nc_ht=instagram.flim13-1.fna.fbcdn.net&_nc_cat=108&_nc_ohc=SHByB0qjELMAX-lrWdQ&edm=AP_V10EBAAAA&ccb=7-5&oh=00_AfBcm1372pTE4O2ZaIpNmlDntUTt-Ww8cZpdeBEQD9Jmqg&oe=63A8D43D&_nc_sid=4f375e,858,0,2022-12-21,3593
therock,7034,354540491,625,https://instagram.flim13-1.fna.fbcdn.net/v/t51.2885-15/320387423_196557189608962_776327517903157241_n.jpg?stp=dst-jpg_e35_s1080x1080&_nc_ht=instagram.flim13-1.fna.fbcdn.net&_nc_cat=1&_nc_ohc=sHH7xWMdmFEAX9BXr2G&edm=AP_V10EBAAAA&ccb=7-5&oh=00_AfA5kIszTtnXSRnEhI4APyR47jryWc8agKOqIeBcykqhRg&oe=63A8F7B4&_nc_sid=4f375e,387,1,2022-12-17,887356
therock,7034,354540491,625,https://instagram.flim13-1.fna.fbcdn.net/v/t51.2885-15/319700568_519607570130533_2398989708324350639_n.jpg?stp=dst-jpg_e35_p1080x1080&_nc_ht=instagram.flim13-1.fna.fbcdn.net&_nc_cat=1&_nc_ohc=-VsByP7LB8MAX-kVs-3&edm=AP_V10EBAAAA&ccb=7-5&oh=00_AfDrieTD-rjEwpUkQ2JNfdpJehCTzdvl04XQPJVbFwSTzw&oe=63A7C33A&_nc_sid=4f375e,366,0,2022-12-13,187519
kimkardashian,5727,336556760,208,https://instagram.flim13-1.fna.fbcdn.net/v/t51.2885-15/320587857_491351879647811_3029091762046814279_n.jpg?stp=dst-jpg_e35_s1080x1080&_nc_ht=instagram.flim13-1.fna.fbcdn.net&_nc_cat=1&_nc_ohc=ejz9jomMW1kAX_arHP6&edm=AP_V10EBAAAA&ccb=7-5&oh=00_AfDj5xC5jq_fbznd4jzwMViZodR58yEH1rQq_62fezqw9A&oe=63A8EC70&_nc_sid=4f375e,21,0,2022-12-19,3874766
kimkardashian,5727,336556760,208,https://instagram.flim13-1.fna.fbcdn.net/v/t51.2885-15/319323768_1243170629597435_8518802473639779361_n.jpg?stp=dst-jpg_e35_p1080x1080&_nc_ht=instagram.flim13-1.fna.fbcdn.net&_nc_cat=1&_nc_ohc=f2MnH_QplosAX9Ckevg&edm=AP_V10EBAAAA&ccb=7-5&oh=00_AfC7JFqPXwtrrDC7OD9gLuAHnpEm93v6sIbUgoycIYqkyg&oe=63A8E3E5&_nc_sid=4f375e,9,0,2022-12-11,2762943
kimkardashian,5727,336556760,208,https://instagram.flim13-1.fna.fbcdn.net/v/t51.2885-15/319071351_460851419546812_3523064092658052625_n.jpg?stp=dst-jpg_e35_p1080x1080&_nc_ht=instagram.flim13-1.fna.fbcdn.net&_nc_cat=1&_nc_ohc=HalhEFosH1IAX-qVIMr&edm=AP_V10EBAAAA&ccb=7-5&oh=00_AfDONH8CNVZS_OOYZKHVPo_WJ_SEi6nr9rX3qDjRemilzg&oe=63A79B59&_nc_sid=4f375e,1,0,2022-12-10,1294393
kyliejenner,7024,375884733,90,https://instagram.flim13-1.fna.fbcdn.net/v/t51.2885-15/319765024_823513512213213_9190148958384015064_n.jpg?stp=dst-jpg_e35_p1080x1080&_nc_ht=instagram.flim13-1.fna.fbcdn.net&_nc_cat=1&_nc_ohc=tfANULgbOz0AX9vQhEx&edm=AP_V10EBAAAA&ccb=7-5&oh=00_AfCwCrhyTUcAt0jcbQMmKTxXpYVDMOH_5LmJgPjbNcD1Gw&oe=63A86F95&_nc_sid=4f375e,25,0,2022-12-13,3020082
kyliejenner,7024,375884733,90,https://instagram.flim13-1.fna.fbcdn.net/v/t51.2885-15/319583814_196943829562937_8484261871788437823_n.jpg?stp=dst-jpg_e35_p1080x1080&_nc_ht=instagram.flim13-1.fna.fbcdn.net&_nc_cat=1&_nc_ohc=bZ5D-O343igAX-XKB8W&edm=AP_V10EBAAAA&ccb=7-5&oh=00_AfDYhoC29BfOAJ33v4ZbMW3hzw9DsZM1XsTK0YQypX24qA&oe=63A8CC26&_nc_sid=4f375e,9,0,2022-12-12,2652256
beyonce,2052,287375678,0,https://instagram.flim13-1.fna.fbcdn.net/v/t51.2885-15/313899253_1054522099273601_2565105807099031159_n.jpg?stp=dst-jpg_e35_p1080x1080&_nc_ht=instagram.flim13-1.fna.fbcdn.net&_nc_cat=1&_nc_ohc=_xKbEABd42wAX-LKXG0&edm=AP_V10EBAAAA&ccb=7-5&oh=00_AfAgkOXo11-Q_0S6-mLmDmmThlt6SdL0oSaqejkhc-mL3g&oe=63A7C97B&_nc_sid=4f375e,33,0,2022-11-04,5327841
beyonce,2052,287375678,0,https://instagram.flim13-1.fna.fbcdn.net/v/t51.2885-15/311106221_788801509036273_841263156229624897_n.jpg?stp=dst-jpg_e35_s1080x1080&_nc_ht=instagram.flim13-1.fna.fbcdn.net&_nc_cat=101&_nc_ohc=MzLYRDj0qccAX_Ioyrz&edm=AP_V10EBAAAA&ccb=7-5&oh=00_AfCvklmeGhouNgAPXqLVdfytap8NWPUS4p1wneaAfMF5IA&oe=63A7C284&_nc_sid=4f375e,33,0,2022-12-21,2384625
taylorswift,562,237236408,0,https://instagram.flim13-1.fna.fbcdn.net/v/t51.2885-15/319475931_473996201470998_9216429647150215479_n.jpg?stp=dst-jpg_e35_s1080x1080&_nc_ht=instagram.flim13-1.fna.fbcdn.net&_nc_cat=1&_nc_ohc=IxE5Ai4XIygAX-KeH5f&edm=AP_V10EBAAAA&ccb=7-5&oh=00_AfAmNGM0WbxQHMrF9Wrg3CP5Q9zzZeaVmWPnQ9i8qXECTw&oe=63A8B16A&_nc_sid=4f375e,136,0,2022-12-13,3680331
taylorswift,562,237236408,0,https://instagram.flim13-1.fna.fbcdn.net/v/t51.2885-15/314922757_171134142234881_1304066052456787725_n.jpg?stp=dst-jpg_e35_p1080x1080&_nc_ht=instagram.flim13-1.fna.fbcdn.net&_nc_cat=1&_nc_ohc=pWSfpj-vH8gAX_CKLjC&edm=AP_V10EBAAAA&ccb=7-5&oh=00_AfBp3OB5-s6FTx9XlX9ULUFS-BluWFUT6Vh9h-vQLEelXA&oe=63A881D4&_nc_sid=4f375e,62,0,2022-11-11,2598183
taylorswift,562,237236408,0,https://instagram.flim13-1.fna.fbcdn.net/v/t51.2885-15/314644671_671729661177226_4718192850448883857_n.jpg?stp=dst-jpg_e35_s1080x1080&_nc_ht=instagram.flim13-1.fna.fbcdn.net&_nc_cat=110&_nc_ohc=WDqy471qfmkAX8bvXUk&edm=AP_V10EBAAAA&ccb=7-5&oh=00_AfC8eddjbPIwDlyZXXVbrXR_h7eknpyGkEhbcntIjHPErg&oe=63A8E9A8&_nc_sid=4f375e,171,0,2022-11-07,2246696
taylorswift,562,237236408,0,https://instagram.flim13-1.fna.fbcdn.net/v/t51.2885-15/312845144_449510547082599_7746135694615857599_n.jpg?stp=dst-jpg_e35_p1080x1080&_nc_ht=instagram.flim13-1.fna.fbcdn.net&_nc_cat=1&_nc_ohc=ap0NtO5PpN0AX8DR8bM&edm=AP_V10EBAAAA&ccb=7-5&oh=00_AfAxKunYxK4YDWGiU8-Sv_IDlR7GXHlRCqTgDOAq-HZSrA&oe=63A7F326&_nc_sid=4f375e,391,0,2022-10-24,4299457
cristiano,3414,520551404,520,https://instagram.flim13-1.fna.fbcdn.net/v/t51.2885-15/49756222_301355093746038_5284848608481903162_n.jpg?stp=dst-jpg_e35&_nc_ht=instagram.flim13-1.fna.fbcdn.net&_nc_cat=106&_nc_ohc=imWf_HatGcoAX-pzV87&edm=ALQROFkBAAAA&ccb=7-5&ig_cache_key=MTk1OTY1NzYzMjI5Nzk5NzI0OA%3D%3D.2-ccb7-5&oh=00_AfAem2ja5ZYlQR4qEFPOqGExSaiFqPpHUViEmIgWDGjxUw&oe=63A884CF&_nc_sid=30a2ef,1,0,2019-01-18,5601206
cristiano,3414,520551404,520,https://instagram.flim13-1.fna.fbcdn.net/v/t51.2885-15/50055950_304004657177948_4746894879785362_n.jpg?stp=dst-jpg_e35&_nc_ht=instagram.flim13-1.fna.fbcdn.net&_nc_cat=108&_nc_ohc=j7-ATNeQAxUAX-VQANK&edm=ALQROFkBAAAA&ccb=7-5&ig_cache_key=MTk1OTU0MDI0MDE1NDgzMzQ5OQ%3D%3D.2-ccb7-5&oh=00_AfC8BrzJtTyuYM1wsWGUJ6isKLgmCRl4zzl1rAK8DqG9UQ&oe=63A905A3&_nc_sid=30a2ef,2,0,2019-01-18,5277009
cristiano,3414,520551404,520,https://instagram.flim13-1.fna.fbcdn.net/v/t51.2885-15/50154934_223019495308696_3696525639119152306_n.jpg?stp=dst-jpg_e35&_nc_ht=instagram.flim13-1.fna.fbcdn.net&_nc_cat=104&_nc_ohc=IHNuaqaK2u4AX-AC61P&edm=ALQROFkBAAAA&ccb=7-5&ig_cache_key=MTk1ODc5OTQ4ODU5NjMxOTEzNA%3D%3D.2-ccb7-5&oh=00_AfATW5hbZOXP55TP8WbbmsIAxinR4aCDhXkIELaS0J1qqg&oe=63A865ED&_nc_sid=30a2ef,19,1,2019-01-17,3424877
cristiano,3414,520551404,520,https://instagram.flim13-1.fna.fbcdn.net/v/t51.2885-15/50122766_826911494308081_3096349744430889088_n.jpg?stp=dst-jpg_e35&_nc_ht=instagram.flim13-1.fna.fbcdn.net&_nc_cat=101&_nc_ohc=c4V-hFsm92QAX-Pa5B4&tn=Va1NkS1vGoIBKgP-&edm=ALQROFkBAAAA&ccb=7-5&ig_cache_key=MTk1ODM2MTY4OTIyNTE2ODM2MA%3D%3D.2-ccb7-5&oh=00_AfBYqHeSj2eanT7n7FXWV8PmjgYXVivAv4ExwLqNlelEOw&oe=63A87252&_nc_sid=30a2ef,65,0,2019-01-16,7545804
cristiano,3414,520551404,520,https://instagram.flim13-1.fna.fbcdn.net/v/t51.2885-15/50118982_2271665289737670_4600438569495945780_n.jpg?stp=dst-jpg_e35&_nc_ht=instagram.flim13-1.fna.fbcdn.net&_nc_cat=106&_nc_ohc=UGsYrcytDLMAX_4kXyx&edm=ALQROFkBAAAA&ccb=7-5&ig_cache_key=MTk1ODMyMzUxMzk2MjIzNDUxNA%3D%3D.2-ccb7-5&oh=00_AfD37kqFjWwUxtENTCdCmpX1Skp8mqBxJoPxA0AwXl8f8Q&oe=63A8852B&_nc_sid=30a2ef,92,1,2019-01-16,5251661
cristiano,3414,520551404,520,https://instagram.flim13-1.fna.fbcdn.net/v/t51.2885-15/49378999_2498759846832567_3656272765504637165_n.jpg?stp=dst-jpg_e35&_nc_ht=instagram.flim13-1.fna.fbcdn.net&_nc_cat=103&_nc_ohc=4hOrvusXJKMAX9g7qRL&edm=ALQROFkBAAAA&ccb=7-5&ig_cache_key=MTk1NzYwNzUzODgxMTkwMDU0OQ%3D%3D.2-ccb7-5&oh=00_AfA4seC_TulabTDnXj09L_2E00w9GNaa27Hpv6tiERk_jw&oe=63A8A071&_nc_sid=30a2ef,1,0,2019-01-15,4590687
cristiano,3414,520551404,520,https://instagram.flim13-1.fna.fbcdn.net/v/t51.2885-15/49858532_138988220350903_4949416361140499045_n.jpg?stp=dst-jpg_e35&_nc_ht=instagram.flim13-1.fna.fbcdn.net&_nc_cat=107&_nc_ohc=CQgdfD9pXxoAX90SQGv&edm=ALQROFkBAAAA&ccb=7-5&ig_cache_key=MTk1NjYxNzU0Nzk2MDgzMDU0NA%3D%3D.2-ccb7-5&oh=00_AfDj1344FMnl901l2NftI6xFkG4VoE6QFOV4GDncmWLm0Q&oe=63A8C664&_nc_sid=30a2ef,10,0,2019-01-14,7278967
cristiano,3414,520551404,520,https://instagram.flim13-1.fna.fbcdn.net/v/t51.2885-15/49745798_2173109929607223_1561002980551161245_n.jpg?stp=dst-jpg_e35&_nc_ht=instagram.flim13-1.fna.fbcdn.net&_nc_cat=103&_nc_ohc=284LH5O82RIAX8ZP5sJ&edm=ALQROFkBAAAA&ccb=7-5&ig_cache_key=MTk1NTUxNTI1MDY3Nzc2NDE2OQ%3D%3D.2-ccb7-5&oh=00_AfAUQEaSHdmXxPs_POkmKZ0q-TCOY1CLZDwiJN_DzlbWbA&oe=63A86E68&_nc_sid=30a2ef,100,1,2019-01-12,5326129
cristiano,3414,520551404,520,https://instagram.flim13-1.fna.fbcdn.net/v/t51.2885-15/49778273_384288822382722_1867047900126815612_n.jpg?stp=dst-jpg_e35&_nc_ht=instagram.flim13-1.fna.fbcdn.net&_nc_cat=106&_nc_ohc=1BWcr6yMw_EAX-BRxvh&edm=ALQROFkBAAAA&ccb=7-5&ig_cache_key=MTk1NDY0NDQyNzM0MzQzODkzNQ%3D%3D.2-ccb7-5&oh=00_AfBM17K90LFkHiFi2wLFWaleiVR-pXF8UY7OwQzLgQv00g&oe=63A86D4E&_nc_sid=30a2ef,20,0,2019-01-11,6106034
cristiano,3414,520551404,520,https://instagram.flim13-1.fna.fbcdn.net/v/t51.2885-15/47694124_625290567905086_308434953793861136_n.jpg?stp=dst-jpg_e35&_nc_ht=instagram.flim13-1.fna.fbcdn.net&_nc_cat=110&_nc_ohc=LvWx7HxP98wAX_EclXn&edm=ALQROFkBAAAA&ccb=7-5&ig_cache_key=MTk1Mzc5MDgzODE4NjM1NzIwOA%3D%3D.2-ccb7-5&oh=00_AfAb2mTNsAdOkZL3eE7qRjoOTMLgnO_6pe-wTBIOfZzkXA&oe=63A82F4F&_nc_sid=30a2ef,2,0,2019-01-10,7662857
cristiano,3414,520551404,520,https://instagram.flim13-1.fna.fbcdn.net/v/t51.2885-15/49732970_371178013697208_5564807076299140494_n.jpg?stp=dst-jpg_e35&_nc_ht=instagram.flim13-1.fna.fbcdn.net&_nc_cat=100&_nc_ohc=wshWyzR8HaQAX9A838F&tn=Va1NkS1vGoIBKgP-&edm=ALQROFkBAAAA&ccb=7-5&ig_cache_key=MTk1MzE5MjY0MTk2MTIyMjA0OA%3D%3D.2-ccb7-5&oh=00_AfAQQ7YKTmqIPMOpzvdxS2etsEkKKpf0OxK0j4pQldTnUg&oe=63A84805&_nc_sid=30a2ef,8,0,2019-01-09,10172476
cristiano,3414,520551404,520,https://instagram.flim13-1.fna.fbcdn.net/v/t51.2885-15/47690104_2798576153493808_5451997126498831911_n.jpg?stp=dst-jpg_e35&_nc_ht=instagram.flim13-1.fna.fbcdn.net&_nc_cat=104&_nc_ohc=J9-OKt4c3_UAX8dmIkK&edm=ALQROFkBAAAA&ccb=7-5&ig_cache_key=MTk1MjQ3Mjc3NzI3MzYwMTEwMA%3D%3D.2-ccb7-5&oh=00_AfBHeaWJeA_4XmxXz0kbHpQD5KezWG-7Q4tsSHVAnp9UyA&oe=63A89B1D&_nc_sid=30a2ef,8,0,2019-01-08,4546545
cristiano,3414,520551404,520,https://instagram.flim13-1.fna.fbcdn.net/v/t51.2885-15/49671627_1335616959913071_2734624537584536584_n.jpg?stp=dst-jpg_e35&_nc_ht=instagram.flim13-1.fna.fbcdn.net&_nc_cat=103&_nc_ohc=ITzk9jgQu5kAX-wR21P&edm=ALQROFkBAAAA&ccb=7-5&ig_cache_key=MTk1MjE5NzM1NzA1OTc3NDUzOA%3D%3D.2-ccb7-5&oh=00_AfALKMrs4nDf2NcnHMJZg0z1uCcY7PdDInskHW1Xv-A__Q&oe=63A765C0&_nc_sid=30a2ef,14,0,2019-01-08,7461930
cristiano,3414,520551404,520,https://instagram.flim13-1.fna.fbcdn.net/v/t51.2885-15/49546108_343784256444815_6615489002173212455_n.jpg?stp=dst-jpg_e35&_nc_ht=instagram.flim13-1.fna.fbcdn.net&_nc_cat=111&_nc_ohc=sWvXWMapbyoAX_hnMKP&tn=Va1NkS1vGoIBKgP-&edm=ALQROFkBAAAA&ccb=7-5&ig_cache_key=MTk1MTcwODIzNjU4NzQ4MDIxMg%3D%3D.2-ccb7-5&oh=00_AfA8ChDi0R0w7T3ACIqGNta4fRAn7RObRqGrKjNsWgsWxw&oe=63A7C292&_nc_sid=30a2ef,10,0,2019-01-07,8650085
cristiano,3414,520551404,520,https://instagram.flim13-1.fna.fbcdn.net/v/t51.2885-15/47585498_297668271095443_2789554264419245451_n.jpg?stp=dst-jpg_e35&_nc_ht=instagram.flim13-1.fna.fbcdn.net&_nc_cat=107&_nc_ohc=MJoWLISSWrwAX9SJ78k&edm=ALQROFkBAAAA&ccb=7-5&ig_cache_key=MTk0OTQ2MTUyNTY1NTg5NTA3NQ%3D%3D.2-ccb7-5&oh=00_AfAnbVwI1GceXRdXbVVzcfaBgul1R7qjJYgNwReZcYllAg&oe=63A8978F&_nc_sid=30a2ef,70,1,2019-01-04,6918886
cristiano,3414,520551404,520,https://instagram.flim13-1.fna.fbcdn.net/v/t51.2885-15/47584722_204725287149325_8187395477352834272_n.jpg?stp=dst-jpg_e35&_nc_ht=instagram.flim13-1.fna.fbcdn.net&_nc_cat=101&_nc_ohc=9lKTuLEo06MAX9qOryd&edm=ALQROFkBAAAA&ccb=7-5&ig_cache_key=MTk0OTMzNjY3MTU2MDQxNTIyOQ%3D%3D.2-ccb7-5&oh=00_AfDiio6yQBjOK_zmiYdxj-PsM51I7dl2EMVrMGDvSUw1GQ&oe=63A928F5&_nc_sid=30a2ef,12,0,2019-01-04,9448309
cristiano,3414,520551404,520,https://instagram.flim13-1.fna.fbcdn.net/v/t51.2885-15/47689968_215578339392230_6381679469652585154_n.jpg?stp=dst-jpg_e35&_nc_ht=instagram.flim13-1.fna.fbcdn.net&_nc_cat=102&_nc_ohc=QqNZ45-AHSEAX-njN3q&edm=ALQROFkBAAAA&ccb=7-5&ig_cache_key=MTk0OTE4NjA4OTg0Nzg2NTU2MQ%3D%3D.2-ccb7-5&oh=00_AfAPWq0zkF8etR2SXyySStYd4jfD4DnOqF0C7Ebky1a48Q&oe=63A77B2A&_nc_sid=30a2ef,9,0,2019-01-04,5652595
cristiano,3414,520551404,520,https://instagram.flim13-1.fna.fbcdn.net/v/t51.2885-15/47586223_302533547064448_6650347967965460506_n.jpg?stp=dst-jpg_e35&_nc_ht=instagram.flim13-1.fna.fbcdn.net&_nc_cat=104&_nc_ohc=t8u2TCj3cMMAX9Ufoc2&edm=ALQROFkBAAAA&ccb=7-5&ig_cache_key=MTk0ODk0OTg2NTY4MTgyMDg2Nw%3D%3D.2-ccb7-5&oh=00_AfBSVPOxZ3mwkA3W2wd8Ff02pRsnIVpcmlJiUcU91C10ZA&oe=63A8A3B5&_nc_sid=30a2ef,113,0,2019-01-03,7508041
cristiano,3414,520551404,520,https://instagram.flim13-1.fna.fbcdn.net/v/t51.2885-15/47581533_1643681279067100_8485514514604660615_n.jpg?stp=dst-jpg_e35&_nc_ht=instagram.flim13-1.fna.fbcdn.net&_nc_cat=104&_nc_ohc=PIu9O3YT1HoAX-29WOR&edm=ALQROFkBAAAA&ccb=7-5&ig_cache_key=MTk0NzgwNTIwODMyNzM1NDg3Nw%3D%3D.2-ccb7-5&oh=00_AfC3vu3MiplFJBQqs0X6T0Gis50ggaQixH5FeKKgDnXy1A&oe=63A89721&_nc_sid=30a2ef,38,1,2019-01-02,7330106
cristiano,3414,520551404,520,https://instagram.flim13-1.fna.fbcdn.net/v/t51.2885-15/49858192_1243635555761578_4872671762450758179_n.jpg?stp=dst-jpg_e35&_nc_ht=instagram.flim13-1.fna.fbcdn.net&_nc_cat=110&_nc_ohc=Pr0Ee3q_wNUAX-vdL7a&edm=ALQROFkBAAAA&ccb=7-5&ig_cache_key=MTk0NzI0ODk5Mzg3MjM5MTM1Mw%3D%3D.2-ccb7-5&oh=00_AfB5A2A9eKAZSXhYwl9MSxsevagI4IXF1Bngkdkui2RRVQ&oe=63A8C235&_nc_sid=30a2ef,19,0,2019-01-01,6944566
cristiano,3414,520551404,520,https://instagram.flim13-1.fna.fbcdn.net/v/t51.2885-15/46921983_599450363822829_699384970981449169_n.jpg?stp=dst-jpg_e35&_nc_ht=instagram.flim13-1.fna.fbcdn.net&_nc_cat=109&_nc_ohc=WWLpjTSuw-IAX_x94jD&edm=ALQROFkBAAAA&ccb=7-5&ig_cache_key=MTk0Njc2MDMwMzk3OTA3MTI3Nw%3D%3D.2-ccb7-5&oh=00_AfDkpF-f_58qkU1XLrvUoFBfagarKWNLzIlECfS1jE7QBg&oe=63A7934D&_nc_sid=30a2ef,18,0,2018-12-31,9630125
cristiano,3414,520551404,520,https://instagram.flim13-1.fna.fbcdn.net/v/t51.2885-15/47586098_330308444478801_3774752111724762000_n.jpg?stp=dst-jpg_e35&_nc_ht=instagram.flim13-1.fna.fbcdn.net&_nc_cat=109&_nc_ohc=daHoITZqMqkAX-YK1G6&edm=ALQROFkBAAAA&ccb=7-5&ig_cache_key=MTk0NjY1NDA2ODg3NzM1NDMwNQ%3D%3D.2-ccb7-5&oh=00_AfDm8Gh6fh9z6ZzWzAXiKlaj-O0FImqGoV6ERycfwwlcnw&oe=63A8C530&_nc_sid=30a2ef,18,0,2018-12-31,7655630
cristiano,3414,520551404,520,https://instagram.flim13-1.fna.fbcdn.net/v/t51.2885-15/47584836_2328002394100302_4362978727934541017_n.jpg?stp=dst-jpg_e35&_nc_ht=instagram.flim13-1.fna.fbcdn.net&_nc_cat=106&_nc_ohc=EVR9NHos2g8AX-FpZJQ&edm=ALQROFkBAAAA&ccb=7-5&ig_cache_key=MTk0NjUwODk3NzQ0OTc2OTMzOA%3D%3D.2-ccb7-5&oh=00_AfCAtVRAzSXoeY9FxfspHyfpUewX2mY93C3KDGJJONaMDA&oe=63A84317&_nc_sid=30a2ef,12,0,2018-12-31,11293463
cristiano,3414,520551404,520,https://instagram.flim13-1.fna.fbcdn.net/v/t51.2885-15/46538992_774213919606190_8158913994342635800_n.jpg?stp=dst-jpg_e35&_nc_ht=instagram.flim13-1.fna.fbcdn.net&_nc_cat=102&_nc_ohc=_lpl2O7FJTAAX9tPgnT&tn=Va1NkS1vGoIBKgP-&edm=ALQROFkBAAAA&ccb=7-5&ig_cache_key=MTk0NTc1NzMwNjY5MjE2MTIwNw%3D%3D.2-ccb7-5&oh=00_AfCO0hXN8kThAkg0wDVarYpL5E4x2ozxLQZQ_ygxNMf0CQ&oe=63A88CF6&_nc_sid=30a2ef,38,0,2018-12-30,4117908
cristiano,3414,520551404,520,https://instagram.flim13-1.fna.fbcdn.net/v/t51.2885-15/47447521_369317406966617_3595952607940394854_n.jpg?stp=dst-jpg_e35&_nc_ht=instagram.flim13-1.fna.fbcdn.net&_nc_cat=105&_nc_ohc=825mOz15IBYAX_GIH3e&edm=ALQROFkBAAAA&ccb=7-5&ig_cache_key=MTk0NTE0NjI2NDA2OTAxMDAzNA%3D%3D.2-ccb7-5&oh=00_AfALi_wokBEoMSP6NoCLRjqNgxITpcBrX0X9coggyjKLqg&oe=63A759DB&_nc_sid=30a2ef,94,1,2018-12-29,7043198
cristiano,3414,520551404,520,https://instagram.flim13-1.fna.fbcdn.net/v/t51.2885-15/47690217_264614320901488_4409308736869212202_n.jpg?stp=dst-jpg_e35&_nc_ht=instagram.flim13-1.fna.fbcdn.net&_nc_cat=104&_nc_ohc=p7BUH6Xw4T4AX9Dqt8z&edm=ALQROFkBAAAA&ccb=7-5&ig_cache_key=MTk0Mzc2NjI5ODIyMzc3MTc3Ng%3D%3D.2-ccb7-5&oh=00_AfDdQIhgEjua-e-kHVnIyukAROb154e4TnV4YIcMYNx8Qw&oe=63A7AD12&_nc_sid=30a2ef,94,1,2022-12-17,4700646
cristiano,3414,520551404,520,https://instagram.flim13-1.fna.fbcdn.net/v/t51.2885-15/47690456_2843312779019613_8813821977447180321_n.jpg?stp=dst-jpg_e35&_nc_ht=instagram.flim13-1.fna.fbcdn.net&_nc_cat=109&_nc_ohc=oazoVrxn0qcAX-kyqkf&edm=ALQROFkBAAAA&ccb=7-5&ig_cache_key=MTk0MzQ5NjkxMzIxOTMyNTU1Nw%3D%3D.2-ccb7-5&oh=00_AfBZGjG2tdDuPt-KDBQngdgViPE-pFpGCpZ25Wmx_jzX9Q&oe=63A76C90&_nc_sid=30a2ef,122,0,2018-12-27,5578379
cristiano,3414,520551404,520,https://instagram.flim13-1.fna.fbcdn.net/v/t51.2885-15/47582258_2271574063075205_7626108027619382132_n.jpg?stp=dst-jpg_e35&_nc_ht=instagram.flim13-1.fna.fbcdn.net&_nc_cat=105&_nc_ohc=sHaW3Ixbi1IAX9xlJqk&edm=ALQROFkBAAAA&ccb=7-5&ig_cache_key=MTk0Mjk5ODAyNDE0NTg5MjQwNQ%3D%3D.2-ccb7-5&oh=00_AfAaMnLn-raOdJNwaV0WxHhYD_R6a6tvJAitkr_8BaVjEA&oe=63A877BE&_nc_sid=30a2ef,44,1,2018-12-26,4301828
cristiano,3414,520551404,520,https://instagram.flim13-1.fna.fbcdn.net/v/t51.2885-15/45602522_591688127930410_472309330544169818_n.jpg?stp=dst-jpg_e35&_nc_ht=instagram.flim13-1.fna.fbcdn.net&_nc_cat=110&_nc_ohc=LLjuEiJP9bEAX8zrmvB&edm=ALQROFkBAAAA&ccb=7-5&ig_cache_key=MTk0MTYwNzQxMTQ4ODExNjkxNw%3D%3D.2-ccb7-5&oh=00_AfDCfvMYJ-YdQXWn0f3fDwOn7DBoOb7Efd5QfzAIN-U8TA&oe=63A8815E&_nc_sid=30a2ef,33,0,2018-12-24,12238608
cristiano,3414,520551404,520,https://instagram.flim13-1.fna.fbcdn.net/v/t51.2885-15/47217322_317729088840726_907778851618949344_n.jpg?stp=dst-jpg_e35&_nc_ht=instagram.flim13-1.fna.fbcdn.net&_nc_cat=106&_nc_ohc=QAZu3iI3GRcAX8ObxIu&edm=ALQROFkBAAAA&ccb=7-5&ig_cache_key=MTk0MTMyNzcxMDM2NjQ0NTQ2Mg%3D%3D.2-ccb7-5&oh=00_AfAT9GS7ElBJwy_xwy2JO1UcQK-jslGDLMSpA01SQlwOsQ&oe=63A80212&_nc_sid=30a2ef,2,0,2018-12-24,6512630
cristiano,3414,520551404,520,https://instagram.flim13-1.fna.fbcdn.net/v/t51.2885-15/47125860_667623113635423_4844794735947598056_n.jpg?stp=dst-jpg_e35&_nc_ht=instagram.flim13-1.fna.fbcdn.net&_nc_cat=107&_nc_ohc=4YARrzxBQeoAX-um_OE&edm=ALQROFkBAAAA&ccb=7-5&ig_cache_key=MTk0MDI4NTc4MTA3MTM5NTMwMg%3D%3D.2-ccb7-5&oh=00_AfBJ2LWphdme4oiNWeDZ5s4HDiZ6-Byg87fQLopX9E9Htw&oe=63A7DA63&_nc_sid=30a2ef,45,0,2018-12-22,4448318
cristiano,3414,520551404,520,https://instagram.flim13-1.fna.fbcdn.net/v/t51.2885-15/46392583_518380015319061_1843734310289219130_n.jpg?stp=dst-jpg_e35&_nc_ht=instagram.flim13-1.fna.fbcdn.net&_nc_cat=109&_nc_ohc=1DXUQCQhq0QAX-ClV1I&tn=Va1NkS1vGoIBKgP-&edm=ALQROFkBAAAA&ccb=7-5&ig_cache_key=MTkzOTQwNTQ0MDA4OTc1MTAwNg%3D%3D.2-ccb7-5&oh=00_AfBGjRfv2_QHmW5kTOGexH8nGFkf9ultGUz9UFppfvdjsw&oe=63A846FA&_nc_sid=30a2ef,124,3,2018-12-21,2889976
cristiano,3414,520551404,520,https://instagram.flim13-1.fna.fbcdn.net/v/t51.2885-15/46919904_1138994032930126_1859516765123105432_n.jpg?stp=dst-jpg_e35&_nc_ht=instagram.flim13-1.fna.fbcdn.net&_nc_cat=110&_nc_ohc=RmN6J_t7pUYAX_QtuPf&tn=Va1NkS1vGoIBKgP-&edm=ALQROFkBAAAA&ccb=7-5&ig_cache_key=MTkzODczMjU1MDM1NjczMzU3Ng%3D%3D.2-ccb7-5&oh=00_AfCGLa6i8GKiL75pVNfdOzJb0IqSasHfeJD1VvCECqYKkg&oe=63A90378&_nc_sid=30a2ef,36,0,2018-12-20,4501034
cristiano,3414,520551404,520,https://instagram.flim13-1.fna.fbcdn.net/v/t51.2885-15/47003024_504480090038927_5471221547371870194_n.jpg?stp=dst-jpg_e35&_nc_ht=instagram.flim13-1.fna.fbcdn.net&_nc_cat=111&_nc_ohc=IqH4fiVwzREAX_KsvoH&edm=ALQROFkBAAAA&ccb=7-5&ig_cache_key=MTkzNTIwMjk3NTk5NTg3MDM5NA%3D%3D.2-ccb7-5&oh=00_AfAKSpdZxmpESktj6HLq4TUNhQJn6pJ6qMBfAcdRF7exZQ&oe=63A78032&_nc_sid=30a2ef,71,1,2018-12-15,4199109
cristiano,3414,520551404,520,https://instagram.flim13-1.fna.fbcdn.net/v/t51.2885-15/45499094_2437172669688499_7951331260572363565_n.jpg?stp=dst-jpg_e35&_nc_ht=instagram.flim13-1.fna.fbcdn.net&_nc_cat=107&_nc_ohc=B24qZbYhwP0AX-E7WtL&tn=Va1NkS1vGoIBKgP-&edm=ALQROFkBAAAA&ccb=7-5&ig_cache_key=MTkzMzA0ODYxMjA3MDMzNjYxMg%3D%3D.2-ccb7-5&oh=00_AfAhEYj_8KYrT7-_4hQilny2qRZVuwEZDkQ86t536dHFHQ&oe=63A77026&_nc_sid=30a2ef,75,1,2018-12-12,4314404
cristiano,3414,520551404,520,https://instagram.flim13-1.fna.fbcdn.net/v/t51.2885-15/46376439_349286129200479_791523019062211380_n.jpg?stp=dst-jpg_e35&_nc_ht=instagram.flim13-1.fna.fbcdn.net&_nc_cat=103&_nc_ohc=DadOXYqbdCQAX-SVb3q&edm=ALQROFkBAAAA&ccb=7-5&ig_cache_key=MTkzMjExMzY0NTgwNzA2MDAwNQ%3D%3D.2-ccb7-5&oh=00_AfCkjd22W45PgLO6bqrftb--0Pe9T8AHdWDt_fGo2qPzhg&oe=63A7D570&_nc_sid=30a2ef,20,0,2018-12-11,8916360
cristiano,3414,520551404,520,https://instagram.flim13-1.fna.fbcdn.net/v/t51.2885-15/46117949_369309773636488_7368762641389674559_n.jpg?stp=dst-jpg_e35&_nc_ht=instagram.flim13-1.fna.fbcdn.net&_nc_cat=104&_nc_ohc=GZIFluwbNgIAX-4LNOb&edm=ALQROFkBAAAA&ccb=7-5&ig_cache_key=MTkzMTI4Njc4OTMzOTg3NjU3OA%3D%3D.2-ccb7-5&oh=00_AfDm_0eDnr7rV0Z2g-cMRJVPOCg6UtOWowcIuy42_Y5Cbw&oe=63A8007B&_nc_sid=30a2ef,10,0,2018-12-10,6838316
taylorswift,562,237240358,0,https://instagram.flim13-1.fna.fbcdn.net/v/t51.2885-15/23101038_143346659636157_6323545723598012416_n.jpg?stp=dst-jpg_e35&_nc_ht=instagram.flim13-1.fna.fbcdn.net&_nc_cat=109&_nc_ohc=Fu0aLKCB-wUAX_um_o-&tn=Va1NkS1vGoIBKgP-&edm=ALQROFkBAAAA&ccb=7-5&ig_cache_key=MTYzOTE4MjA4NzEwNTYwNzE3NA%3D%3D.2-ccb7-5&oh=00_AfBumABcCwhQrGbjiuMJRSPB5zZvTp8vA-HcMDW2aoxJ6w&oe=63A83DA5&_nc_sid=30a2ef,40,0,2017-11-02,955621
taylorswift,562,237240358,0,https://instagram.flim13-1.fna.fbcdn.net/v/t51.2885-15/23164822_1168411716625956_4612559228228337664_n.jpg?stp=dst-jpg_e35&_nc_ht=instagram.flim13-1.fna.fbcdn.net&_nc_cat=100&_nc_ohc=4vrhz1t5RVUAX_X6rQL&tn=Va1NkS1vGoIBKgP-&edm=ALQROFkBAAAA&ccb=7-5&ig_cache_key=MTYzOTE4MTk2OTAwMjUxMDQ1OA%3D%3D.2-ccb7-5&oh=00_AfAOIIH-0EI3VmuanXI3MRZzB7tcYLOzz9rA7Of39hqRlQ&oe=63A8A739&_nc_sid=30a2ef,40,0,2017-11-02,982042
taylorswift,562,237240358,0,https://instagram.flim13-1.fna.fbcdn.net/v/t51.2885-15/23160969_1945337372386302_2316903005267427328_n.jpg?stp=dst-jpg_e35&_nc_ht=instagram.flim13-1.fna.fbcdn.net&_nc_cat=106&_nc_ohc=gKvk1TM47XoAX_L5xAz&edm=ALQROFkBAAAA&ccb=7-5&ig_cache_key=MTYzODUzNTY0NDQ0NzczMDg5NQ%3D%3D.2-ccb7-5&oh=00_AfADVJNRRXTIDeds8zSsgIcBNx_bTY_ZDVsBjWnkZtOWGg&oe=63A7EC7B&_nc_sid=30a2ef,136,2,2017-11-01,1386341
taylorswift,562,237240358,0,https://instagram.flim13-1.fna.fbcdn.net/v/t51.2885-15/23098620_510385999346316_5687819542210805760_n.jpg?stp=dst-jpg_e35&_nc_ht=instagram.flim13-1.fna.fbcdn.net&_nc_cat=100&_nc_ohc=BPUyDMIfN80AX9N1VfM&edm=ALQROFkBAAAA&ccb=7-5&ig_cache_key=MTYzODUzNTMyNTIxOTE2MDEwOA%3D%3D.2-ccb7-5&oh=00_AfDedzfxROwqA9Ww4CLYGoFDpORhUwnYFSlRua1Q7Ti4OQ&oe=63A8F5E0&_nc_sid=30a2ef,136,2,2017-11-01,996542
taylorswift,562,237240358,0,https://instagram.flim13-1.fna.fbcdn.net/v/t51.2885-15/23161527_136284887024466_6391248671769362432_n.jpg?stp=dst-jpg_e35&_nc_ht=instagram.flim13-1.fna.fbcdn.net&_nc_cat=106&_nc_ohc=iK7aajLHaJgAX-4LuXK&edm=ALQROFkBAAAA&ccb=7-5&ig_cache_key=MTYzODUzNTAzODgxNTMyMzAwOA%3D%3D.2-ccb7-5&oh=00_AfD8JDBFgg9MsZz8U2SMRYci6cMhieZ79Q6tn-0WpgCTRw&oe=63A76675&_nc_sid=30a2ef,136,2,2017-11-01,1205655
taylorswift,562,237240358,0,https://instagram.flim13-1.fna.fbcdn.net/v/t51.2885-15/22711021_152449665492373_7629952750725365760_n.jpg?stp=dst-jpg_e35&_nc_ht=instagram.flim13-1.fna.fbcdn.net&_nc_cat=101&_nc_ohc=8L6RS1DK6qcAX-DQE5o&edm=ALQROFkBAAAA&ccb=7-5&ig_cache_key=MTYzNDU3ODMzMDMyNTY2NjM4NQ%3D%3D.2-ccb7-5&oh=00_AfArCp1MwWPk2fS2tsCkODqXXrliuiFSwzd-myrUISZglA&oe=63A766DC&_nc_sid=30a2ef,35,1,2017-10-27,1472014
taylorswift,562,237240358,0,https://instagram.flim13-1.fna.fbcdn.net/v/t51.2885-15/22710995_297804090704532_6103028122502823936_n.jpg?stp=dst-jpg_e35&_nc_ht=instagram.flim13-1.fna.fbcdn.net&_nc_cat=100&_nc_ohc=JeJViTOclGYAX8HP4zC&edm=ALQROFkBAAAA&ccb=7-5&ig_cache_key=MTYzNDU3ODE1MDg2ODM0Mzk3NQ%3D%3D.2-ccb7-5&oh=00_AfBhO6G97xoJvXqUR9CVcbPWt4CsNPthdHAoVYg4fDHi4A&oe=63A80A2E&_nc_sid=30a2ef,35,1,2017-10-27,1134489
taylorswift,562,237240358,0,https://instagram.flim13-1.fna.fbcdn.net/v/t51.2885-15/22802225_128973507860244_7889587024166912000_n.jpg?stp=dst-jpg_e35&_nc_ht=instagram.flim13-1.fna.fbcdn.net&_nc_cat=100&_nc_ohc=3eukvIFBIwEAX8aOCkH&edm=ALQROFkBAAAA&ccb=7-5&ig_cache_key=MTYzNDU3NzkxMjEyMDA3MDY3MA%3D%3D.2-ccb7-5&oh=00_AfAnJ-tyeIvN9VC_bOj9lSCk31SPPpMdj7Y7D5zm45Uhsg&oe=63A88721&_nc_sid=30a2ef,35,1,2017-10-27,1476151
taylorswift,562,237240358,0,https://instagram.flim13-1.fna.fbcdn.net/v/t51.2885-15/22580955_1472990196110090_5042866289308073984_n.jpg?stp=dst-jpg_e35&_nc_ht=instagram.flim13-1.fna.fbcdn.net&_nc_cat=102&_nc_ohc=5EdXNNDnOeMAX98fgaf&edm=ALQROFkBAAAA&ccb=7-5&ig_cache_key=MTYyOTE0MTc0NzI1MDQyNDMwOA%3D%3D.2-ccb7-5&oh=00_AfDYqtroYVXB_cSIFg8XjS01KI7ky8DNtQ-SXni52UZEIQ&oe=63A855F6&_nc_sid=30a2ef,35,1,2017-10-19,889621
taylorswift,562,237240358,0,https://instagram.flim13-1.fna.fbcdn.net/v/t51.2885-15/22636855_139933609968258_684783860482834432_n.jpg?stp=dst-jpg_e35&_nc_ht=instagram.flim13-1.fna.fbcdn.net&_nc_cat=106&_nc_ohc=nWw-1UrfOYcAX8g6FJx&edm=ALQROFkBAAAA&ccb=7-5&ig_cache_key=MTYyOTE0MTU5MTM5MDA5Mjk5Ng%3D%3D.2-ccb7-5&oh=00_AfBAeMsl50Ir8yHQhy-I8y2F7ti3mWNRbcRMTMTkHUfVtw&oe=63A8A040&_nc_sid=30a2ef,35,1,2017-10-19,767412
taylorswift,562,237240358,0,https://instagram.flim13-1.fna.fbcdn.net/v/t51.2885-15/21107698_1509596259087290_4013755562129883136_n.jpg?stp=dst-jpg_e35&_nc_ht=instagram.flim13-1.fna.fbcdn.net&_nc_cat=102&_nc_ohc=Of5B8eM9KpYAX8iZ8TC&edm=ALQROFkBAAAA&ccb=7-5&ig_cache_key=MTU4OTE1NTE5OTQyMzc0ODgzOA%3D%3D.2-ccb7-5&oh=00_AfB1p5MAUFkcZtb1p_79jRBNDhUbdtJKdCX7tOHBt8eqYQ&oe=63A78648&_nc_sid=30a2ef,68,0,2017-08-25,1674788
taylorswift,562,237240358,0,https://instagram.flim13-1.fna.fbcdn.net/v/t51.2885-15/21041355_1241946275915789_1535356465068376064_n.jpg?stp=dst-jpg_e35&_nc_ht=instagram.flim13-1.fna.fbcdn.net&_nc_cat=105&_nc_ohc=ed15N0fre60AX_CssZv&edm=ALQROFkBAAAA&ccb=7-5&ig_cache_key=MTU4OTE1NDE0ODQ3MzgxMjEzNw%3D%3D.2-ccb7-5&oh=00_AfBQ5XUW9-0HMPa3D1DNI-y2VSThTIMKVX3tLhis-Rs4LQ&oe=63A8F303&_nc_sid=30a2ef,83,0,2017-08-25,1630340
taylorswift,562,237240358,0,https://instagram.flim13-1.fna.fbcdn.net/v/t51.2885-15/20987570_1197382887032556_6941634952496676864_n.jpg?stp=dst-jpg_e35&_nc_ht=instagram.flim13-1.fna.fbcdn.net&_nc_cat=100&_nc_ohc=I25dOeKtxbQAX_aJeG9&edm=ALQROFkBAAAA&ccb=7-5&ig_cache_key=MTU4ODkwMzE0NTI4MzUwNjI4MA%3D%3D.2-ccb7-5&oh=00_AfAzTTEriSQ7Qn8tBYPntyjfc3XP9LBRKhl9uRjCXNN9BA&oe=63A80E6F&_nc_sid=30a2ef,149,2,2017-08-25,1175410
taylorswift,562,237240358,0,https://instagram.flim13-1.fna.fbcdn.net/v/t51.2885-15/20986936_169380306952828_735897325674692608_n.jpg?stp=dst-jpg_e35&_nc_ht=instagram.flim13-1.fna.fbcdn.net&_nc_cat=104&_nc_ohc=pRtYHkTLfQYAX--ORsl&tn=Va1NkS1vGoIBKgP-&edm=ALQROFkBAAAA&ccb=7-5&ig_cache_key=MTU4Nzg0OTEzMTU0NDI4NDg3Mg%3D%3D.2-ccb7-5&oh=00_AfD8qDQM9UE96hwhasOQMZYO9C4Xj8yAB-cArtzV3lcEFA&oe=63A7E5B3&_nc_sid=30a2ef,149,2,2017-08-23,1871047
taylorswift,562,237240358,0,https://instagram.flim13-1.fna.fbcdn.net/v/t51.2885-15/21041739_126118688026384_739808657901879296_n.jpg?stp=dst-jpg_e35&_nc_ht=instagram.flim13-1.fna.fbcdn.net&_nc_cat=104&_nc_ohc=Or65sletoJAAX84UPpE&edm=ALQROFkBAAAA&ccb=7-5&ig_cache_key=MTU4Nzg0ODk4NDM0MTA3MzcyNQ%3D%3D.2-ccb7-5&oh=00_AfAPpDpuy2YWFfIpx86BW4KrCXCQVYPoeNvzoHPqy3R7fA&oe=63A8EC8C&_nc_sid=30a2ef,149,2,2017-08-23,2527897
taylorswift,562,237240358,0,https://instagram.flim13-1.fna.fbcdn.net/v/t51.2885-15/20986875_356374334795112_1805013542911344640_n.jpg?stp=dst-jpg_e35&_nc_ht=instagram.flim13-1.fna.fbcdn.net&_nc_cat=100&_nc_ohc=8RYVIpk-PJIAX8w1vtu&tn=Va1NkS1vGoIBKgP-&edm=ALQROFkBAAAA&ccb=7-5&ig_cache_key=MTU4Nzg0ODkwMTYzNzg3NTY0OA%3D%3D.2-ccb7-5&oh=00_AfAA7yNO8DmNJTehEGTAYWBLBL3uRMvOsbpfAlL0ecKsDg&oe=63A946E2&_nc_sid=30a2ef,149,2,2017-08-23,1703711
selenagomez,1849,365362004,234,https://instagram.flim13-1.fna.fbcdn.net/v/t51.2885-15/21147615_1048248641944301_3236893594300186624_n.jpg?stp=dst-jpg_e15&_nc_ht=instagram.flim13-1.fna.fbcdn.net&_nc_cat=105&_nc_ohc=9u2vSqscOc8AX_hmJ9e&tn=Va1NkS1vGoIBKgP-&edm=ALQROFkBAAAA&ccb=7-5&ig_cache_key=OTg2MzgwMjE3MTc1NjUxMjMx.2-ccb7-5&oh=00_AfCVEdlSkiQ4_BZrTo-Tqm7M8AXcpb8HvrNCf32kkMXBRQ&oe=63A8EA7C&_nc_sid=30a2ef,39,1,2015-05-16,1123953
selenagomez,1849,365362004,234,https://instagram.flim13-1.fna.fbcdn.net/v/t51.2885-15/21224275_506563216355035_3720383285491138560_n.jpg?stp=dst-jpg_e15&_nc_ht=instagram.flim13-1.fna.fbcdn.net&_nc_cat=107&_nc_ohc=raLZAI0mq7oAX-knSX-&edm=ALQROFkBAAAA&ccb=7-5&ig_cache_key=OTg1NjY1NDg4OTY2NzkyMTA2.2-ccb7-5&oh=00_AfBVF9Mb9ee5GI4cSuHemWhWpm4leZ6HjFLxpyqnvxPYZg&oe=63A84B6D&_nc_sid=30a2ef,66,3,2015-05-15,1231289
selenagomez,1849,365362004,234,https://instagram.flim13-1.fna.fbcdn.net/v/t51.2885-15/21042746_160233311199676_8161979845853577216_n.jpg?stp=dst-jpg_e15&_nc_ht=instagram.flim13-1.fna.fbcdn.net&_nc_cat=104&_nc_ohc=bhYvVd1IHoEAX_IDVQ2&edm=ALQROFkBAAAA&ccb=7-5&ig_cache_key=OTg0MjkxNjA1MjgxOTExMzAz.2-ccb7-5&oh=00_AfAuKwYB30tP5Bgrb7LR6JNiswojegxIGsXODyV9lTMwSg&oe=63A8C622&_nc_sid=30a2ef,22,0,2015-05-13,2262233
selenagomez,1849,365362004,234,https://instagram.flim13-1.fna.fbcdn.net/v/t51.2885-15/21147809_2001509966802532_926198934194356224_n.jpg?stp=dst-jpg_e15&_nc_ht=instagram.flim13-1.fna.fbcdn.net&_nc_cat=104&_nc_ohc=tdYvf-nvz6MAX_jtXEo&edm=ALQROFkBAAAA&ccb=7-5&ig_cache_key=OTgyMDcxMzYyNDYzNjA5Mjkw.2-ccb7-5&oh=00_AfCH9hCTCS3ct1OYyomnGcKvC0JuL46tU8ImzNUBoJcFeg&oe=63A915DF&_nc_sid=30a2ef,5,0,2015-05-10,1240446
selenagomez,1849,365362004,234,https://instagram.flim13-1.fna.fbcdn.net/v/t51.2885-15/21148947_408886979526543_8273490403882172416_n.jpg?stp=dst-jpg_e15&_nc_ht=instagram.flim13-1.fna.fbcdn.net&_nc_cat=103&_nc_ohc=SHZi2texYkkAX8cuaau&edm=ALQROFkBAAAA&ccb=7-5&ig_cache_key=OTgxMzM4NDQ3MjQwOTAwNjE2.2-ccb7-5&oh=00_AfB1IbWzoSJINFckvPru9REZh7A_z-bU3kqOFU2saZfE2A&oe=63A88802&_nc_sid=30a2ef,112,0,2015-05-09,1142711
selenagomez,1849,365362004,234,https://instagram.flim13-1.fna.fbcdn.net/v/t51.2885-15/21107132_1791637077532328_8909673058688565248_n.jpg?stp=dst-jpg_e15&_nc_ht=instagram.flim13-1.fna.fbcdn.net&_nc_cat=108&_nc_ohc=rMyLel20XmYAX_Mi4VG&edm=ALQROFkBAAAA&ccb=7-5&ig_cache_key=OTgxMTk4OTE4MzA3Njg4NzUz.2-ccb7-5&oh=00_AfCV9IcMXg7EhAc4x30_Oe1Fux2NzPZb4auc4udVXhajlg&oe=63A79D4F&_nc_sid=30a2ef,11,0,2015-05-09,1459353
selenagomez,1849,365362004,234,https://instagram.flim13-1.fna.fbcdn.net/v/t51.2885-15/21149502_1901279606801773_1985081073293328384_n.jpg?stp=dst-jpg_e15&_nc_ht=instagram.flim13-1.fna.fbcdn.net&_nc_cat=101&_nc_ohc=pIrNBf_pdIcAX8K4r6a&edm=ALQROFkBAAAA&ccb=7-5&ig_cache_key=OTc5NDEzMTc1ODk3ODMwMDI2.2-ccb7-5&oh=00_AfB3pIhahYYTmkjNeAvddAwNS3-FQyl9KKzcsZOx-AuiFA&oe=63A84F28&_nc_sid=30a2ef,80,1,2015-05-07,1391637
selenagomez,1849,365362004,234,https://instagram.flim13-1.fna.fbcdn.net/v/t51.2885-15/21148958_113303372684677_3843292824162271232_n.jpg?stp=dst-jpg_e15&_nc_ht=instagram.flim13-1.fna.fbcdn.net&_nc_cat=101&_nc_ohc=vM2gHvV5XIcAX9dagH0&edm=ALQROFkBAAAA&ccb=7-5&ig_cache_key=OTc4Nzg4Mjg4OTA4ODk4MzQ2.2-ccb7-5&oh=00_AfCezIRLf8JHtSMjeI_BGOsp-pujZZQqA5L4KVZUyAd8ag&oe=63A8D64A&_nc_sid=30a2ef,133,0,2015-05-06,1150362
selenagomez,1849,365362004,234,https://instagram.flim13-1.fna.fbcdn.net/v/t51.2885-15/21107412_378430005908746_945871778490613760_n.jpg?stp=dst-jpg_e15&_nc_ht=instagram.flim13-1.fna.fbcdn.net&_nc_cat=110&_nc_ohc=Xygs4vv_09EAX-stZxs&edm=ALQROFkBAAAA&ccb=7-5&ig_cache_key=OTc4NzU2MDcxNzg4Nzg2MjU5.2-ccb7-5&oh=00_AfAj-UbHbHskmcr3Uu26o3n-SZGKF-ykbjnlawjiGAn7sw&oe=63A912C2&_nc_sid=30a2ef,45,0,2015-05-06,1112343
selenagomez,1849,365362004,234,https://instagram.flim13-1.fna.fbcdn.net/v/t51.2885-15/21107946_584382685065692_4286474801331044352_n.jpg?stp=dst-jpg_e15&_nc_ht=instagram.flim13-1.fna.fbcdn.net&_nc_cat=108&_nc_ohc=Bt5ayPscoaQAX9owRhZ&edm=ALQROFkBAAAA&ccb=7-5&ig_cache_key=OTc4MjYxNzczMDUzOTk3MzYx.2-ccb7-5&oh=00_AfAhHjJxrKvO58B1PgL2aearnH_FXt4-rt2R3F6E0M_wOA&oe=63A8EED0&_nc_sid=30a2ef,5,0,2015-05-05,1338117
selenagomez,1849,365362004,234,https://instagram.flim13-1.fna.fbcdn.net/v/t51.2885-15/21107338_953760264764864_3867381775307112448_n.jpg?stp=dst-jpg_e15&_nc_ht=instagram.flim13-1.fna.fbcdn.net&_nc_cat=108&_nc_ohc=C7g282jvchMAX9di4Gx&edm=ALQROFkBAAAA&ccb=7-5&ig_cache_key=OTc4MDE1Mjc4NDcxOTg0MDY0.2-ccb7-5&oh=00_AfDlGvnffXEs8KwjNaieO7x9KZOs6epKtaTjmsPFGoYDSg&oe=63A8B36C&_nc_sid=30a2ef,53,0,2015-05-05,1302476
selenagomez,1849,365362004,234,https://instagram.flim13-1.fna.fbcdn.net/v/t51.2885-15/21147366_1439839422777466_2519898801947279360_n.jpg?stp=dst-jpg_e15&_nc_ht=instagram.flim13-1.fna.fbcdn.net&_nc_cat=110&_nc_ohc=FxYlVjevs_EAX84jEvn&tn=Va1NkS1vGoIBKgP-&edm=ALQROFkBAAAA&ccb=7-5&ig_cache_key=OTc3OTg5NDMyNDQwOTI2ODMx.2-ccb7-5&oh=00_AfBtc92-Hket5sicYviue1tGgJyNmMq9xa09UsR-HXKsog&oe=63A7CA96&_nc_sid=30a2ef,70,0,2015-05-05,1120868
selenagomez,1849,365362004,234,https://instagram.flim13-1.fna.fbcdn.net/v/t51.2885-15/21147291_286193288525781_1136194196126826496_n.jpg?stp=dst-jpg_e15&_nc_ht=instagram.flim13-1.fna.fbcdn.net&_nc_cat=109&_nc_ohc=0zK2CmsFbi0AX9kIhs1&edm=ALQROFkBAAAA&ccb=7-5&ig_cache_key=OTc3ODkyOTAzMTUxNjExOTgz.2-ccb7-5&oh=00_AfADhIKK1rB3c0QhdrC8UjHZHYKXkBu2rau2TXeg_xzR5g&oe=63A8031C&_nc_sid=30a2ef,46,0,2015-05-05,1582446
selenagomez,1849,365362004,234,https://instagram.flim13-1.fna.fbcdn.net/v/t51.2885-15/21149544_136603890282868_3905383345294409728_n.jpg?stp=dst-jpg_e15&_nc_ht=instagram.flim13-1.fna.fbcdn.net&_nc_cat=104&_nc_ohc=7A8xgv2YrDQAX88cZa_&tn=Va1NkS1vGoIBKgP-&edm=ALQROFkBAAAA&ccb=7-5&ig_cache_key=OTc2MjUxOTk2NDkyOTM2MDMz.2-ccb7-5&oh=00_AfDIP2hlfyozPu9ei0QeFzhaI4BYJcF40iBvhR49-QgFaQ&oe=63A938E7&_nc_sid=30a2ef,5,0,2015-05-02,885870
selenagomez,1849,365362004,234,https://instagram.flim13-1.fna.fbcdn.net/v/t51.2885-15/21227040_576205115883067_2839647975989313536_n.jpg?stp=dst-jpg_e15&_nc_ht=instagram.flim13-1.fna.fbcdn.net&_nc_cat=107&_nc_ohc=1NwdNSwqAlUAX_EEyLp&edm=ALQROFkBAAAA&ccb=7-5&ig_cache_key=OTczMjE3Nzk2NTk2NTc3MjQ0.2-ccb7-5&oh=00_AfBBjsWRzsc4iQRvrUPjLysvu-N_h-3_4a1Bzar2L564Gg&oe=63A7C0B3&_nc_sid=30a2ef,39,0,2015-04-28,1279497
selenagomez,1849,365362004,234,https://instagram.flim13-1.fna.fbcdn.net/v/t51.2885-15/21042812_308394526236726_6853986605699432448_n.jpg?stp=dst-jpg_e15&_nc_ht=instagram.flim13-1.fna.fbcdn.net&_nc_cat=106&_nc_ohc=tIYmccB4qzAAX96gJwl&tn=Va1NkS1vGoIBKgP-&edm=ALQROFkBAAAA&ccb=7-5&ig_cache_key=OTcxMDkzNjU2ODc1OTcxNDM2.2-ccb7-5&oh=00_AfDVGDme_Al5vOjhZ5a4mqYNUBTHUXXWMVdnXU-P1nn_uw&oe=63A7E85D&_nc_sid=30a2ef,19,0,2015-04-25,1669754
selenagomez,1849,365362004,234,https://instagram.flim13-1.fna.fbcdn.net/v/t51.2885-15/21224534_1418252581615165_3104314460748120064_n.jpg?stp=dst-jpg_e15&_nc_ht=instagram.flim13-1.fna.fbcdn.net&_nc_cat=101&_nc_ohc=lvXiDiouwZAAX83SfLs&tn=Va1NkS1vGoIBKgP-&edm=ALQROFkBAAAA&ccb=7-5&ig_cache_key=OTY5NjQzNjQwMjU2ODY4NjQz.2-ccb7-5&oh=00_AfBpq6p9Ee8SCzNzUB0mimwkwlZCaU3T3msF1W2HtiyZjA&oe=63A75562&_nc_sid=30a2ef,37,0,2015-04-23,1546844
selenagomez,1849,365362004,234,https://instagram.flim13-1.fna.fbcdn.net/v/t51.2885-15/21107941_1589676591096115_8773497529976225792_n.jpg?stp=dst-jpg_e15&_nc_ht=instagram.flim13-1.fna.fbcdn.net&_nc_cat=107&_nc_ohc=Af6d0VS0zVEAX___3za&edm=ALQROFkBAAAA&ccb=7-5&ig_cache_key=OTY5MDAwOTY3MzYzNzY4ODA5.2-ccb7-5&oh=00_AfDGkDM9g9wy0L50ylCgX49gyQgZmsMBCnAOpPs0EefE0Q&oe=63A819DD&_nc_sid=30a2ef,37,0,2022-05-18,1051252
selenagomez,1849,365362004,234,https://instagram.flim13-1.fna.fbcdn.net/v/t51.2885-15/21147758_113806562640704_4103310608118579200_n.jpg?stp=dst-jpg_e15&_nc_ht=instagram.flim13-1.fna.fbcdn.net&_nc_cat=108&_nc_ohc=mGBqVY9jwW4AX__Edtt&edm=ALQROFkBAAAA&ccb=7-5&ig_cache_key=OTY2ODA1NDc2NTkyOTg4MjEz.2-ccb7-5&oh=00_AfCY3G9-hNg64dwqxMNjD8BLqGtgFGpfM_mMM6EdGjj0Rg&oe=63A7D6A7&_nc_sid=30a2ef,16,0,2015-04-19,1313965
selenagomez,1849,365362004,234,https://instagram.flim13-1.fna.fbcdn.net/v/t51.2885-15/21149099_1637589276272382_2143354621060448256_n.jpg?stp=dst-jpg_e15&_nc_ht=instagram.flim13-1.fna.fbcdn.net&_nc_cat=106&_nc_ohc=Y9NTs6GpeF4AX-YW9-y&tn=Va1NkS1vGoIBKgP-&edm=ALQROFkBAAAA&ccb=7-5&ig_cache_key=OTY2MTYxODY0NjEyMDAwMDA2.2-ccb7-5&oh=00_AfAq3wxQV628yI--cmjGGuJOqqcauwUz4810KNMLEezozw&oe=63A8AB03&_nc_sid=30a2ef,20,0,2015-04-18,1128633
selenagomez,1849,365362004,234,https://instagram.flim13-1.fna.fbcdn.net/v/t51.2885-15/21147481_263103907541619_350172935660503040_n.jpg?stp=dst-jpg_e15&_nc_ht=instagram.flim13-1.fna.fbcdn.net&_nc_cat=103&_nc_ohc=22UhFmMZqEQAX-xRvHl&edm=ALQROFkBAAAA&ccb=7-5&ig_cache_key=OTY1NTg1MzEyODE1OTE5NDUy.2-ccb7-5&oh=00_AfDDglxtXGNcwYDW48zwRPaqFSlPeUSyrY-pH-DKRrnfVw&oe=63A8B7A5&_nc_sid=30a2ef,88,0,2015-04-22,1039528
selenagomez,1849,365362004,234,https://instagram.flim13-1.fna.fbcdn.net/v/t51.2885-15/21149675_1270853876357425_7329759889926914048_n.jpg?stp=dst-jpg_e15&_nc_ht=instagram.flim13-1.fna.fbcdn.net&_nc_cat=101&_nc_ohc=aPwJCdm5I-AAX8iS5n6&edm=ALQROFkBAAAA&ccb=7-5&ig_cache_key=OTY0NzgzNTcxNzA2OTgyNjEw.2-ccb7-5&oh=00_AfCASx-XgLwrAt94RAa1fsoUivckpRPasX3866XP55V_uQ&oe=63A8CCD7&_nc_sid=30a2ef,51,1,2015-04-17,1597161
selenagomez,1849,365362004,234,https://instagram.flim13-1.fna.fbcdn.net/v/t51.2885-15/21042826_478867769147066_2601267876493000704_n.jpg?stp=dst-jpg_e15&_nc_ht=instagram.flim13-1.fna.fbcdn.net&_nc_cat=102&_nc_ohc=FcLcbJwXQ-YAX9KSda-&edm=ALQROFkBAAAA&ccb=7-5&ig_cache_key=OTY0NzY5NDE0NDg4MTQyNzY4.2-ccb7-5&oh=00_AfB_muapCIKPypNGpCu_DZ9Dg7oU9n2u1Qqb5KYQyPrhGg&oe=63A76C7E&_nc_sid=30a2ef,72,2,2015-04-17,1092264
selenagomez,1849,365362004,234,https://instagram.flim13-1.fna.fbcdn.net/v/t51.2885-15/21107755_1938266509754276_7473922404247404544_n.jpg?stp=dst-jpg_e15&_nc_ht=instagram.flim13-1.fna.fbcdn.net&_nc_cat=108&_nc_ohc=YSyHfrd1tzAAX-HQu8a&edm=ALQROFkBAAAA&ccb=7-5&ig_cache_key=OTYzOTU3MDc5NjkxMzc1MDMz.2-ccb7-5&oh=00_AfBrPSP9dm3WbB0g3w6kjf001AeBfTXi39NZubxrFL_2-Q&oe=63A79B55&_nc_sid=30a2ef,160,1,2015-04-15,1200791
selenagomez,1849,365362004,234,https://instagram.flim13-1.fna.fbcdn.net/v/t51.2885-15/21107479_849068151935560_5235753923406462976_n.jpg?stp=dst-jpg_e15&_nc_ht=instagram.flim13-1.fna.fbcdn.net&_nc_cat=104&_nc_ohc=Qy-3yfgFvkkAX9HAL5I&edm=ALQROFkBAAAA&ccb=7-5&ig_cache_key=OTYxMjM1MDQ3Mjk1ODg5ODY3.2-ccb7-5&oh=00_AfDyaOX1TIHhyJ_j6co8jOf59eW4FOHmjrErGO5FK6PtXw&oe=63A87429&_nc_sid=30a2ef,178,0,2015-04-12,1015878
selenagomez,1849,365362004,234,https://instagram.flim13-1.fna.fbcdn.net/v/t51.2885-15/21147230_1939672769584439_4558239608604721152_n.jpg?stp=dst-jpg_e15&_nc_ht=instagram.flim13-1.fna.fbcdn.net&_nc_cat=111&_nc_ohc=aGkZ5ftNCbEAX8LH2ut&tn=Va1NkS1vGoIBKgP-&edm=ALQROFkBAAAA&ccb=7-5&ig_cache_key=OTYwMzkxNTgwMzExMjM3NDIx.2-ccb7-5&oh=00_AfBsnFE5j8vgzeOWZllxS43Av0R7zX9Vj3t_-Imc27s-uA&oe=63A7A89F&_nc_sid=30a2ef,255,3,2015-04-10,1375016
selenagomez,1849,365362004,234,https://instagram.flim13-1.fna.fbcdn.net/v/t51.2885-15/21227061_329302910851544_2342028469459746816_n.jpg?stp=dst-jpg_e15&_nc_ht=instagram.flim13-1.fna.fbcdn.net&_nc_cat=108&_nc_ohc=ppXsiHHHSwkAX_-0vTF&edm=ALQROFkBAAAA&ccb=7-5&ig_cache_key=OTU5NjYyMjIxNTM5NTUzMzcw.2-ccb7-5&oh=00_AfCQQKf-9O6p5hFHGlUqy6RLT4tyHm6wuLiT6yGkX_UdfA&oe=63A7DEB5&_nc_sid=30a2ef,40,0,2015-04-09,1861964
selenagomez,1849,365362004,234,https://instagram.flim13-1.fna.fbcdn.net/v/t51.2885-15/21147869_164322580811089_5153162002952093696_n.jpg?stp=dst-jpg_e15&_nc_ht=instagram.flim13-1.fna.fbcdn.net&_nc_cat=101&_nc_ohc=87K-Z4zV3HIAX8704NZ&edm=ALQROFkBAAAA&ccb=7-5&ig_cache_key=OTU5NjYwNjE2OTkxNzgwOTIy.2-ccb7-5&oh=00_AfCXBouUkHpjMJzVRxubVMjUnp8OfaOz-onVIHNi0XG8Xw&oe=63A92224&_nc_sid=30a2ef,58,0,2015-04-09,1556477
selenagomez,1849,365362004,234,https://instagram.flim13-1.fna.fbcdn.net/v/t51.2885-15/21148895_1761786104122007_2644132096783679488_n.jpg?stp=dst-jpg_e15&_nc_ht=instagram.flim13-1.fna.fbcdn.net&_nc_cat=111&_nc_ohc=phkHXKJYLBgAX84y149&tn=Va1NkS1vGoIBKgP-&edm=ALQROFkBAAAA&ccb=7-5&ig_cache_key=OTU4OTI4NDQ1MjQzMDExNTQ3.2-ccb7-5&oh=00_AfDvL62mwPlYehKFo_HW8B3ZkYk_FIhgg8aFzC2bVU8U1g&oe=63A7562C&_nc_sid=30a2ef,78,0,2015-04-08,1384626
selenagomez,1849,365362004,234,https://instagram.flim13-1.fna.fbcdn.net/v/t51.2885-15/21224083_127487331216939_6021641679109357568_n.jpg?stp=dst-jpg_e15&_nc_ht=instagram.flim13-1.fna.fbcdn.net&_nc_cat=103&_nc_ohc=NAfA5mRmcncAX_exVPM&edm=ALQROFkBAAAA&ccb=7-5&ig_cache_key=OTU4ODQ0OTQ5MTI0MjMxNjUw.2-ccb7-5&oh=00_AfDO-gf5Dj5jROTulvvb9olk9ngQ6PF9dmeO41nsj5JFOQ&oe=63A91E8F&_nc_sid=30a2ef,248,2,2015-04-08,1007847
selenagomez,1849,365362004,234,https://instagram.flim13-1.fna.fbcdn.net/v/t51.2885-15/21042664_467144456990765_3603975236384456704_n.jpg?stp=dst-jpg_e15&_nc_ht=instagram.flim13-1.fna.fbcdn.net&_nc_cat=105&_nc_ohc=F5RO04l80-4AX8PkQqo&edm=ALQROFkBAAAA&ccb=7-5&ig_cache_key=OTU3NTkzMDk2NDE1NzUyODY2.2-ccb7-5&oh=00_AfAEzDZRmP0C1YV12j5rI_pnNDrgt4cZlwQeJunpjdxNLA&oe=63A79B88&_nc_sid=30a2ef,248,2,2021-06-10,1453385
selenagomez,1849,365362004,234,https://instagram.flim13-1.fna.fbcdn.net/v/t51.2885-15/21107443_128314344475145_1410815298386264064_n.jpg?stp=dst-jpg_e15&_nc_ht=instagram.flim13-1.fna.fbcdn.net&_nc_cat=105&_nc_ohc=dlwuxZvhAzUAX-dQtmN&edm=ALQROFkBAAAA&ccb=7-5&ig_cache_key=OTU2OTI1MDA1ODk3ODA1OTk4.2-ccb7-5&oh=00_AfCKyQLu6MjkQ0W25Ctg10aoVjWKLHQYdFsMPKdrqD7L2Q&oe=63A7EFDA&_nc_sid=30a2ef,248,2,2021-10-10,1004499
selenagomez,1849,365362004,234,https://instagram.flim13-1.fna.fbcdn.net/v/t51.2885-15/21107134_1656346851104093_305524031904284672_n.jpg?stp=dst-jpg_e15&_nc_ht=instagram.flim13-1.fna.fbcdn.net&_nc_cat=105&_nc_ohc=4XcG33Z1y6sAX9PpT0f&edm=ALQROFkBAAAA&ccb=7-5&ig_cache_key=OTU2NzMzNjMwNjc3OTIyNjEy.2-ccb7-5&oh=00_AfAuYb1yl6AZzO2mGTv2249BAitT7q4xsDZzWZo5ov5n8A&oe=63A8C1F8&_nc_sid=30a2ef,12,0,2015-04-05,1512756
selenagomez,1849,365362004,234,https://instagram.flim13-1.fna.fbcdn.net/v/t51.2885-15/21148139_114427069278482_8367049738075242496_n.jpg?stp=dst-jpg_e15&_nc_ht=instagram.flim13-1.fna.fbcdn.net&_nc_cat=102&_nc_ohc=lXCps2kEMmYAX-IvAm5&edm=ALQROFkBAAAA&ccb=7-5&ig_cache_key=OTU2NzI2NTI2NjM0MjQyNjMy.2-ccb7-5&oh=00_AfBKcP9LYCgOTkicRfNHe62jwuFJvWv-1Iz61AjCmiTACQ&oe=63A81373&_nc_sid=30a2ef,194,0,2015-04-05,1209523
selenagomez,1849,365362004,234,https://instagram.flim13-1.fna.fbcdn.net/v/t51.2885-15/21107126_266024937245140_1484462167762665472_n.jpg?stp=dst-jpg_e15&_nc_ht=instagram.flim13-1.fna.fbcdn.net&_nc_cat=104&_nc_ohc=35LG_XFrIlkAX-AqVFz&tn=Va1NkS1vGoIBKgP-&edm=ALQROFkBAAAA&ccb=7-5&ig_cache_key=OTU1MTAzNzA4OTY4NTI5OTIz.2-ccb7-5&oh=00_AfC7MAT1-KpHpwTtYCCvSl1cnu-Lnd6udX5TST8g4yqYQA&oe=63A89208&_nc_sid=30a2ef,82,0,2015-04-03,1028977
selenagomez,1849,365362004,234,https://instagram.flim13-1.fna.fbcdn.net/v/t51.2885-15/21224106_112854489406567_6991618725325570048_n.jpg?stp=dst-jpg_e15&_nc_ht=instagram.flim13-1.fna.fbcdn.net&_nc_cat=107&_nc_ohc=GxfqDfbFH_8AX-PVnB9&tn=Va1NkS1vGoIBKgP-&edm=ALQROFkBAAAA&ccb=7-5&ig_cache_key=OTUzOTYyNTQ4Mzk2OTYyMTE4.2-ccb7-5&oh=00_AfBkLvnaMvNzdPIdCQcssoMIWGux-raJxVnjKVWjVwM5jA&oe=63A92205&_nc_sid=30a2ef,1,0,2015-04-02,1548758
selenagomez,1849,365362004,234,https://instagram.flim13-1.fna.fbcdn.net/v/t51.2885-15/21147979_343068962816026_8591539509609365504_n.jpg?stp=dst-jpg_e15&_nc_ht=instagram.flim13-1.fna.fbcdn.net&_nc_cat=110&_nc_ohc=4IukVbTcoBsAX9JUWYz&edm=ALQROFkBAAAA&ccb=7-5&ig_cache_key=OTUzNjk0NTkxNTUyOTkxODI4.2-ccb7-5&oh=00_AfAitThRU3qBb_spspdlV_1uLmxwWLOEJaT9Iu23WqWwrw&oe=63A83500&_nc_sid=30a2ef,13,0,2015-04-01,1382004
selenagomez,1849,365362004,234,https://instagram.flim13-1.fna.fbcdn.net/v/t51.2885-15/21149741_882839788551699_3862760682554392576_n.jpg?stp=dst-jpg_e15&_nc_ht=instagram.flim13-1.fna.fbcdn.net&_nc_cat=103&_nc_ohc=ngJ9q_VYfpMAX-1Betx&edm=ALQROFkBAAAA&ccb=7-5&ig_cache_key=OTUwNDA2NjM3NzE1ODYyMTU3.2-ccb7-5&oh=00_AfCeg56qOI--kyySDKnNxsQW26wxCJaf7Awjopu9jWPMwg&oe=63A79AF6&_nc_sid=30a2ef,40,0,2015-03-28,1006717
selenagomez,1849,365362004,234,https://instagram.flim13-1.fna.fbcdn.net/v/t51.2885-15/21107275_1577977792254323_4076710101832957952_n.jpg?stp=dst-jpg_e15&_nc_ht=instagram.flim13-1.fna.fbcdn.net&_nc_cat=111&_nc_ohc=j3UUVb8HiqoAX8H0GS4&edm=ALQROFkBAAAA&ccb=7-5&ig_cache_key=OTQ3MTIyMzUwNTg5NjIxMjAz.2-ccb7-5&oh=00_AfDrlaFt92ZQjt-9wKcqKjVIX1do_G8hjxBs-bFZjLNLYw&oe=63A93B58&_nc_sid=30a2ef,40,0,2015-03-23,1830575
leomessi,977,410700137,288,https://instagram.flim1-1.fna.fbcdn.net/v/t51.2885-15/1538541_400371633399904_1170493820_n.jpg?stp=dst-jpg_e15&_nc_ht=instagram.flim1-1.fna.fbcdn.net&_nc_cat=104&_nc_ohc=s8Ftt6qk4cUAX9gVY23&tn=QzxUAcPbhxhENpMi&edm=ALQROFkBAAAA&ccb=7-5&ig_cache_key=NjIwNDE4MDg1MTAyMDc5NTQ5.2-ccb7-5&oh=00_AfC1xEINkAtTQCPCHRvE8qBrx5M09X6fciZOrZNKbhXHLA&oe=63B0220E&_nc_sid=30a2ef,74,0,2013-12-27,713807
leomessi,977,410700137,288,https://instagram.flim1-2.fna.fbcdn.net/v/t51.2885-15/927788_628696227194612_1127550816_n.jpg?stp=dst-jpg_e15&_nc_ht=instagram.flim1-2.fna.fbcdn.net&_nc_cat=108&_nc_ohc=zozrehq8BuwAX8q0XVX&edm=ALQROFkBAAAA&ccb=7-5&ig_cache_key=NjA4MjcwNzQ4MjMzODEzOTIy.2-ccb7-5&oh=00_AfB7FDv6Fuqxy4HhyWRb_Z1VzfnAlW-dx8jSmxsmaZgWhg&oe=63AF95A6&_nc_sid=30a2ef,95,0,2013-12-11,530191
leomessi,977,410700137,288,https://instagram.flim1-2.fna.fbcdn.net/v/t51.2885-15/1168666_302223053243193_1028865620_n.jpg?stp=dst-jpg_e15&_nc_ht=instagram.flim1-2.fna.fbcdn.net&_nc_cat=109&_nc_ohc=2SfCWgprvtEAX-vaMlT&edm=ALQROFkBAAAA&ccb=7-5&ig_cache_key=NTkzMzc3MDg2MTMxNzE5Mzg0.2-ccb7-5&oh=00_AfBC9xGq5FCRIdQ1mfyOA9MyD2QgXSeOIXJGZGpYYKstsg&oe=63AF63A0&_nc_sid=30a2ef,45,1,2013-11-20,573226
leomessi,977,410700137,288,https://instagram.flim1-1.fna.fbcdn.net/v/t51.2885-15/1169963_1430916783788124_1254511067_n.jpg?stp=dst-jpg_e15&_nc_ht=instagram.flim1-1.fna.fbcdn.net&_nc_cat=100&_nc_ohc=XhCHJVtMXu4AX9n3BX6&edm=ALQROFkBAAAA&ccb=7-5&ig_cache_key=NTgyMDA1MzYwMjAyNDAzMTcy.2-ccb7-5&oh=00_AfAbKLVgHs7nodDOJ7DZS1itDQ4x6NiEUr6bb0UJkU0LZg&oe=63B0E7FE&_nc_sid=30a2ef,99,1,2013-11-04,461167
leomessi,977,410700137,288,https://instagram.flim1-2.fna.fbcdn.net/v/t51.2885-15/1389876_464503347003242_1045520463_n.jpg?stp=dst-jpg_e15&_nc_ht=instagram.flim1-2.fna.fbcdn.net&_nc_cat=102&_nc_ohc=s1majx1W82kAX_WyX5j&edm=ALQROFkBAAAA&ccb=7-5&ig_cache_key=NTgwNDI1ODMyODU0MjQ0NjI1.2-ccb7-5&oh=00_AfA20Zz9HNyFAEs1wXmLT9oDIx3NNRfILKLCPcc27Yek9w&oe=63B05202&_nc_sid=30a2ef,121,0,2013-11-02,741488
leomessi,977,410700137,288,https://instagram.flim1-2.fna.fbcdn.net/v/t51.2885-15/927207_247463522077218_1740433405_n.jpg?stp=dst-jpg_e15&_nc_ht=instagram.flim1-2.fna.fbcdn.net&_nc_cat=106&_nc_ohc=SGP6nl26kxQAX-i3oBD&tn=QzxUAcPbhxhENpMi&edm=ALQROFkBAAAA&ccb=7-5&ig_cache_key=NTgwMzcxMzA2NjA4NjQzOTI1.2-ccb7-5&oh=00_AfCaRReMfnG8nV7TratnoKpx0GKM6aL_zDMRrnNhHS9mDg&oe=63AF8409&_nc_sid=30a2ef,27,2,2013-11-02,442920
leomessi,977,410700137,288,https://instagram.flim1-1.fna.fbcdn.net/v/t51.2885-15/1388982_466591613457281_919411965_n.jpg?stp=dst-jpg_e15&_nc_ht=instagram.flim1-1.fna.fbcdn.net&_nc_cat=105&_nc_ohc=y7QYcf9NxRkAX8MYdkH&edm=ALQROFkBAAAA&ccb=7-5&ig_cache_key=NTc4MDE4NTY5MDkwODEzNDI1.2-ccb7-5&oh=00_AfCCZTY62QgUW8pweCrzKSaUXibT0DwDmhchABeq9w9BwA&oe=63B0A82D&_nc_sid=30a2ef,86,2,2013-10-30,447124
leomessi,977,410700137,288,https://instagram.flim1-2.fna.fbcdn.net/v/t51.2885-15/1169225_368350716633486_1329397281_n.jpg?stp=dst-jpg_e15&_nc_ht=instagram.flim1-2.fna.fbcdn.net&_nc_cat=106&_nc_ohc=EAap1gq3QLkAX8W2iVg&tn=QzxUAcPbhxhENpMi&edm=ALQROFkBAAAA&ccb=7-5&ig_cache_key=NTc1OTc3NzQ4MjI5MzExODEz.2-ccb7-5&oh=00_AfCLgjVpPEybGVD3uwP0BL4osH9jGudJQMNVgxQQjPetNQ&oe=63B04C84&_nc_sid=30a2ef,88,2,2013-10-27,556630
leomessi,977,410700137,288,https://instagram.flim1-1.fna.fbcdn.net/v/t51.2885-15/1389153_168503033347645_1833192909_n.jpg?stp=dst-jpg_e15&_nc_ht=instagram.flim1-1.fna.fbcdn.net&_nc_cat=101&_nc_ohc=7KN3vvjoxvIAX-wudiz&edm=ALQROFkBAAAA&ccb=7-5&ig_cache_key=NTc1Mzg4MDcxMjU2NDQ0NTUw.2-ccb7-5&oh=00_AfBvaGYEaUFnvDZdOSN__rrRQr4ysjh2eX2KGbHiwpqOwA&oe=63AF6DD3&_nc_sid=30a2ef,185,0,2013-10-26,664042
leomessi,977,410700137,288,https://instagram.flim1-2.fna.fbcdn.net/v/t51.2885-15/1209616_311780665626962_2016656332_n.jpg?stp=dst-jpg_e15&_nc_ht=instagram.flim1-2.fna.fbcdn.net&_nc_cat=102&_nc_ohc=BgANQHeq2mkAX-cuIJ-&edm=ALQROFkBAAAA&ccb=7-5&ig_cache_key=NTcyNjkyNTkzNTk1MTc0ODg0.2-ccb7-5&oh=00_AfA_cO57a-TOG1KwH83zA2DUIZ239zivheZCmY1BIgKX_Q&oe=63B11248&_nc_sid=30a2ef,71,1,2013-10-23,409949
leomessi,977,410700137,288,https://instagram.flim1-2.fna.fbcdn.net/v/t51.2885-15/1389823_214282492076108_1836247839_n.jpg?stp=dst-jpg_e15&_nc_ht=instagram.flim1-2.fna.fbcdn.net&_nc_cat=108&_nc_ohc=iIDl1G2Ah68AX9d60i8&edm=ALQROFkBAAAA&ccb=7-5&ig_cache_key=NTcxNzgxMTg3NTA5MjEwNTQ0.2-ccb7-5&oh=00_AfDTFULqbBJwIeoVUicoZw170Pyh-osr74iqdDUpBHek3g&oe=63AFDA06&_nc_sid=30a2ef,194,2,2013-10-21,508190
leomessi,977,410700137,288,https://instagram.flim1-1.fna.fbcdn.net/v/t51.2885-15/11333457_1598840950404289_1074374978_n.jpg?stp=dst-jpg_e15&_nc_ht=instagram.flim1-1.fna.fbcdn.net&_nc_cat=101&_nc_ohc=pjpC5FE4i6UAX_afLxl&edm=ALQROFkBAAAA&ccb=7-5&ig_cache_key=NTcwOTgxNjIyMTk1NDc0NDA3.2-ccb7-5&oh=00_AfBDkdG4jLJt8hUTgrfwS58BRshn6m3OMwGZGXXo5UoRhQ&oe=63AFB3C5&_nc_sid=30a2ef,164,1,2013-10-20,350935
leomessi,977,410700137,288,https://instagram.flim1-1.fna.fbcdn.net/v/t51.2885-15/11325486_1848635472027303_1659297375_n.jpg?stp=dst-jpg_e15&_nc_ht=instagram.flim1-1.fna.fbcdn.net&_nc_cat=103&_nc_ohc=iniRlurebewAX_qLeE8&edm=ALQROFkBAAAA&ccb=7-5&ig_cache_key=NTcwODQ4MjU5NjY5MjgxODQy.2-ccb7-5&oh=00_AfDLg4NYsc__Ya2krybJ4Pn5HHDXAsvrI5aQK0_yC5k3tw&oe=63AFB2ED&_nc_sid=30a2ef,105,1,2013-10-20,526466
leomessi,977,410700137,288,https://instagram.flim1-1.fna.fbcdn.net/v/t51.2885-15/11352307_634791379991657_1364912612_n.jpg?stp=dst-jpg_e15&_nc_ht=instagram.flim1-1.fna.fbcdn.net&_nc_cat=105&_nc_ohc=7XANSarlmkkAX-cvcqU&edm=ALQROFkBAAAA&ccb=7-5&ig_cache_key=NTcwMDc2NTM1NTI0NzQwMjg1.2-ccb7-5&oh=00_AfB5jX8kmCSfbXv-fNGOGKSr5bJrnfFHn8iaOh0aU7So2Q&oe=63AFC896&_nc_sid=30a2ef,15,0,2013-10-19,415978
leomessi,977,410700137,288,https://instagram.flim1-1.fna.fbcdn.net/v/t51.2885-15/11385114_733192126807188_166268323_n.jpg?stp=dst-jpg_e15&_nc_ht=instagram.flim1-1.fna.fbcdn.net&_nc_cat=100&_nc_ohc=W6tt8Ci1TxYAX_v7zHy&tn=QzxUAcPbhxhENpMi&edm=ALQROFkBAAAA&ccb=7-5&ig_cache_key=NTY5NjU1NjM1ODg1MjE1MjYw.2-ccb7-5&oh=00_AfBQSgOe98fJk8sDGwMyWP6roHb8hEIolSDETxWqdgLn6w&oe=63B014BB&_nc_sid=30a2ef,15,0,2022-12-25,709083
leomessi,977,410700137,288,https://instagram.flim1-2.fna.fbcdn.net/v/t51.2885-15/11378275_395503883967236_1878127044_n.jpg?stp=dst-jpg_e15&_nc_ht=instagram.flim1-2.fna.fbcdn.net&_nc_cat=108&_nc_ohc=u9P49RvM6zcAX-moNiY&edm=ALQROFkBAAAA&ccb=7-5&ig_cache_key=NTY4OTI4MTQwNDc1MDI2ODE3.2-ccb7-5&oh=00_AfCehUTula6ySFxEoJtGcvY-QSJgmm0Aj6gj6bL6eaeIJg&oe=63B02716&_nc_sid=30a2ef,39,0,2013-10-17,729529
leomessi,977,410700137,288,https://instagram.flim1-1.fna.fbcdn.net/v/t51.2885-15/1168462_560774210665745_978860732_n.jpg?stp=dst-jpg_e15&_nc_ht=instagram.flim1-1.fna.fbcdn.net&_nc_cat=105&_nc_ohc=ypXpsZOFeIMAX_ZSjm1&edm=ALQROFkBAAAA&ccb=7-5&ig_cache_key=NTY4NjUyMTYzNzI3NTQ0Mjc3.2-ccb7-5&oh=00_AfA1qjmiDNE1DLt5Oidz8jgGmPLCiyMOTY4vE6hBvIJAIQ&oe=63B0252B&_nc_sid=30a2ef,27,0,2013-10-17,418709
leomessi,977,410700137,288,https://instagram.flim1-2.fna.fbcdn.net/v/t51.2885-15/11353059_1459385487705191_579412391_n.jpg?stp=dst-jpg_e15&_nc_ht=instagram.flim1-2.fna.fbcdn.net&_nc_cat=111&_nc_ohc=iffyA7jbUnsAX-qz2w1&tn=QzxUAcPbhxhENpMi&edm=ALQROFkBAAAA&ccb=7-5&ig_cache_key=NTYzODIzMTYxOTY3OTU1MzYz.2-ccb7-5&oh=00_AfCC4-pQ9EPSqOg1qu9eIbHhpm2bEXp1p4zAFTuxFS6VIQ&oe=63AF71F3&_nc_sid=30a2ef,47,0,2013-10-10,398584
leomessi,977,410700137,288,https://instagram.flim1-2.fna.fbcdn.net/v/t51.2885-15/11358979_1639583649620205_592861990_n.jpg?stp=dst-jpg_e15&_nc_ht=instagram.flim1-2.fna.fbcdn.net&_nc_cat=109&_nc_ohc=mB1hcqIa7rwAX_a7JtD&edm=ALQROFkBAAAA&ccb=7-5&ig_cache_key=NTYxNTgxMjQ2MTc0MjUyNjA2.2-ccb7-5&oh=00_AfD2rJUqm3Eod9Yw-bu48G-0IrglaaPlTDYYjRsUwcNxWw&oe=63B0182B&_nc_sid=30a2ef,76,2,2013-10-07,521059
leomessi,977,410700137,288,https://instagram.flim1-2.fna.fbcdn.net/v/t51.2885-15/11333367_914098652005550_1666268639_n.jpg?stp=dst-jpg_e15&_nc_ht=instagram.flim1-2.fna.fbcdn.net&_nc_cat=102&_nc_ohc=-KOtFHV9Zu8AX8CaAeX&edm=ALQROFkBAAAA&ccb=7-5&ig_cache_key=NTYwMDM5MDk3Mjk3MzI1NDgy.2-ccb7-5&oh=00_AfDOGEjDU1yrUC674_GPG8w5n8-9Z1yCTgI2Do1_lWaCkg&oe=63B105C5&_nc_sid=30a2ef,13,0,2013-10-05,562271
leomessi,977,410700137,288,https://instagram.flim1-2.fna.fbcdn.net/v/t51.2885-15/11380738_456867391153938_1690324206_n.jpg?stp=dst-jpg_e15&_nc_ht=instagram.flim1-2.fna.fbcdn.net&_nc_cat=106&_nc_ohc=E9qhJe0PBZkAX919f4T&edm=ALQROFkBAAAA&ccb=7-5&ig_cache_key=NTMzNDY2NDgwMzIzMTIwNDgw.2-ccb7-5&oh=00_AfCj6upmDlesihvDtY7mkufsIlO02ilSVYp8889XHenZ-w&oe=63AFC8CC&_nc_sid=30a2ef,45,0,2013-08-29,687552
neymarjr,5398,199159255,1715,https://instagram.flim1-1.fna.fbcdn.net/v/t51.2885-15/61804470_1325391580918901_1107460344480833898_n.jpg?stp=dst-jpg_e35&_nc_ht=instagram.flim1-1.fna.fbcdn.net&_nc_cat=105&_nc_ohc=0_Nkx2FgJ_8AX8WiqSw&edm=ALQROFkBAAAA&ccb=7-5&ig_cache_key=MjA2NjQ1OTA3NDY3Njk3MzEzNw%3D%3D.2-ccb7-5&oh=00_AfCMa9-awMJhAFqekleeL75MbpiCuo-626ilvdlrp_mOhQ&oe=63B101FA&_nc_sid=30a2ef,48,0,2019-06-15,4125563
neymarjr,5398,199159255,1715,https://instagram.flim1-2.fna.fbcdn.net/v/t51.2885-15/61304807_322359591993428_7594291869440558117_n.jpg?stp=dst-jpg_e35&_nc_ht=instagram.flim1-2.fna.fbcdn.net&_nc_cat=108&_nc_ohc=UxhLZeJiLbkAX_ADjAL&edm=ALQROFkBAAAA&ccb=7-5&ig_cache_key=MjA2MjExODk1MjkzODU1MDM1MQ%3D%3D.2-ccb7-5&oh=00_AfCPsabXEB3NPzF0K1vyi-7Jn-BlJqL0t0s1lkN_AEbC3w&oe=63AFA1DE&_nc_sid=30a2ef,159,2,2019-06-09,2192190
neymarjr,5398,199159255,1715,https://instagram.flim1-2.fna.fbcdn.net/v/t51.2885-15/61100643_2804351146304878_1295531948858887435_n.jpg?stp=dst-jpg_e35&_nc_ht=instagram.flim1-2.fna.fbcdn.net&_nc_cat=110&_nc_ohc=rv_wVnVKeg4AX-kvADS&edm=ALQROFkBAAAA&ccb=7-5&ig_cache_key=MjA2MTkzNDk1NDQ1OTMwNTM1MQ%3D%3D.2-ccb7-5&oh=00_AfBv6nlXLdcZeLNkhEyZcPw3xRxu9V40z3566GtR-r717A&oe=63B09FD7&_nc_sid=30a2ef,5,0,2019-06-08,2911991
neymarjr,5398,199159255,1715,https://instagram.flim1-1.fna.fbcdn.net/v/t51.2885-15/61748344_2301867986729941_8528640408738092472_n.jpg?stp=dst-jpg_e35&_nc_ht=instagram.flim1-1.fna.fbcdn.net&_nc_cat=101&_nc_ohc=GuVuCUue0F0AX-BgvpM&tn=QzxUAcPbhxhENpMi&edm=ALQROFkBAAAA&ccb=7-5&ig_cache_key=MjA1OTgxMjQwMTI1OTM1NDI1Ng%3D%3D.2-ccb7-5&oh=00_AfBGelRwpryrEt1WT9WyCOk_zCsjlF_Ti_QnJyRwexZSGg&oe=63AF57E3&_nc_sid=30a2ef,344,0,2019-06-05,3289809
neymarjr,5398,199159255,1715,https://instagram.flim1-2.fna.fbcdn.net/v/t51.2885-15/61723440_338522710099734_3979280671454379453_n.jpg?stp=dst-jpg_e35&_nc_ht=instagram.flim1-2.fna.fbcdn.net&_nc_cat=106&_nc_ohc=84Kt8-iphnIAX9wySzk&edm=ALQROFkBAAAA&ccb=7-5&ig_cache_key=MjA1OTcwOTkyMzczMzk0OTMxMQ%3D%3D.2-ccb7-5&oh=00_AfDUd2K83xXzkgtplyheYGsyOVLGEkUzG44eboA_FEnrUA&oe=63B03BBB&_nc_sid=30a2ef,147,0,2019-06-05,2123821
neymarjr,5398,199159255,1715,https://instagram.flim1-1.fna.fbcdn.net/v/t51.2885-15/62103102_398803027633872_9047494011066973350_n.jpg?stp=dst-jpg_e35&_nc_ht=instagram.flim1-1.fna.fbcdn.net&_nc_cat=100&_nc_ohc=cLzh6ZHyT44AX9LcJCK&edm=ALQROFkBAAAA&ccb=7-5&ig_cache_key=MjA1NTk3MTE5NjM3OTU0MTI5Mw%3D%3D.2-ccb7-5&oh=00_AfDct-NatnS7Uh2aCr-M3HDZwMioRG-RV_TjvC9tasc8eg&oe=63B04C97&_nc_sid=30a2ef,2,0,2019-05-31,1490602
neymarjr,5398,199159255,1715,https://instagram.flim1-1.fna.fbcdn.net/v/t51.2885-15/59732679_466657620824905_4575574721447194106_n.jpg?stp=dst-jpg_e35&_nc_ht=instagram.flim1-1.fna.fbcdn.net&_nc_cat=101&_nc_ohc=vjGaZR1EPOwAX_aqYC2&edm=ALQROFkBAAAA&ccb=7-5&ig_cache_key=MjA1MTY5NjQxOTM3MjQ5Mjg2NA%3D%3D.2-ccb7-5&oh=00_AfBLaZvpt61AByDKEChPjbnKscuCl721OSceKcPEh-bXaA&oe=63AFF94F&_nc_sid=30a2ef,14,0,2019-05-25,1964622
neymarjr,5398,199159255,1715,https://instagram.flim1-1.fna.fbcdn.net/v/t51.2885-15/60585832_2074786312822789_2683230268420129641_n.jpg?stp=dst-jpg_e35&_nc_ht=instagram.flim1-1.fna.fbcdn.net&_nc_cat=101&_nc_ohc=1BfvViWgyEcAX8IX6uh&edm=ALQROFkBAAAA&ccb=7-5&ig_cache_key=MjA1MTAwNzM3OTYxNDY5NjYxNg%3D%3D.2-ccb7-5&oh=00_AfDZO7CyrCxhbph3stbExvUDPkCaUyc0LWpx1kNhL-8IcQ&oe=63AFC157&_nc_sid=30a2ef,33,0,2019-05-24,1671559
neymarjr,5398,199159255,1715,https://instagram.flim1-1.fna.fbcdn.net/v/t51.2885-15/59339886_429145171247739_469343531349348048_n.jpg?stp=dst-jpg_e35&_nc_ht=instagram.flim1-1.fna.fbcdn.net&_nc_cat=103&_nc_ohc=ThbqatHFbaAAX-ADSDC&edm=ALQROFkBAAAA&ccb=7-5&ig_cache_key=MjA0NzYyNTA2MjExNjQ2NDc4Mg%3D%3D.2-ccb7-5&oh=00_AfAMjzKdbPg6Hn2CrjT9_WQNISL2W73jjl6UO_9yS8kcPA&oe=63AFAA21&_nc_sid=30a2ef,39,0,2019-05-20,3751163
neymarjr,5398,199159255,1715,https://instagram.flim1-1.fna.fbcdn.net/v/t51.2885-15/59557075_553293452162400_319321580535039329_n.jpg?stp=dst-jpg_e35&_nc_ht=instagram.flim1-1.fna.fbcdn.net&_nc_cat=100&_nc_ohc=iAMnwJ6dXVsAX9RrOJH&edm=ALQROFkBAAAA&ccb=7-5&ig_cache_key=MjA0NzQ0MzYwMjQ4MjcyMTc2MA%3D%3D.2-ccb7-5&oh=00_AfAzciSNGSkpgIWehJBoTKl2kAicuyoDJ88OhF41qen46g&oe=63B13820&_nc_sid=30a2ef,73,0,2019-05-19,1161590
neymarjr,5398,199159255,1715,https://instagram.flim1-1.fna.fbcdn.net/v/t51.2885-15/59850203_2384338298280588_5402199993861927081_n.jpg?stp=dst-jpg_e35&_nc_ht=instagram.flim1-1.fna.fbcdn.net&_nc_cat=100&_nc_ohc=6mLwFnfMYOEAX_JTky-&edm=ALQROFkBAAAA&ccb=7-5&ig_cache_key=MjA0Njc0NjMxMzI5MjM0NTA2OQ%3D%3D.2-ccb7-5&oh=00_AfDaTjm3rvJQd67EBkv9VOxroMsAfNQmnrLqQ7E3jn5FOg&oe=63AFEEA6&_nc_sid=30a2ef,48,0,2019-05-18,2315171
neymarjr,5398,199159255,1715,https://instagram.flim1-1.fna.fbcdn.net/v/t51.2885-15/60056615_254366792070372_8726107945791383775_n.jpg?stp=dst-jpg_e35&_nc_ht=instagram.flim1-1.fna.fbcdn.net&_nc_cat=100&_nc_ohc=MhDfkhK9-6oAX8XlG4l&edm=ALQROFkBAAAA&ccb=7-5&ig_cache_key=MjA0NTk1NDM1Mzc4NjgyNjI3Ng%3D%3D.2-ccb7-5&oh=00_AfBNw28yDdjOgQMZRqLChzWkthCuMP2mgHE0kCXxPRxSqg&oe=63AFA6A2&_nc_sid=30a2ef,177,0,2019-05-17,2161695
neymarjr,5398,199159255,1715,https://instagram.flim1-1.fna.fbcdn.net/v/t51.2885-15/60823118_820156818362701_2433812577570883829_n.jpg?stp=dst-jpg_e35&_nc_ht=instagram.flim1-1.fna.fbcdn.net&_nc_cat=101&_nc_ohc=vh5WCTxc3P0AX9RYY3J&tn=QzxUAcPbhxhENpMi&edm=ALQROFkBAAAA&ccb=7-5&ig_cache_key=MjA0NTc5MTg4MTAyOTM2Nzc1Ng%3D%3D.2-ccb7-5&oh=00_AfB_v8XTm6xZcpFQcj--OmBLscXhlLvuh_pT0vtDYnDYyw&oe=63B0D06D&_nc_sid=30a2ef,122,0,2019-05-17,1213756
neymarjr,5398,199159255,1715,https://instagram.flim1-1.fna.fbcdn.net/v/t51.2885-15/58933516_352349602083439_8310236799597022130_n.jpg?stp=dst-jpg_e35&_nc_ht=instagram.flim1-1.fna.fbcdn.net&_nc_cat=107&_nc_ohc=hp9e-P57Wz0AX-rOtmI&edm=ALQROFkBAAAA&ccb=7-5&ig_cache_key=MjA0NTQ0MjA0OTQ2Njk4NzM0MQ%3D%3D.2-ccb7-5&oh=00_AfCnQl23nXrenVjA-mGZtq2iWMQTJGxI-ElT0QVUEQsVHA&oe=63AFDF5F&_nc_sid=30a2ef,34,0,2019-05-17,1558130
neymarjr,5398,199159255,1715,https://instagram.flim1-2.fna.fbcdn.net/v/t51.2885-15/60023850_137776383965230_1712131366424340581_n.jpg?stp=dst-jpg_e35&_nc_ht=instagram.flim1-2.fna.fbcdn.net&_nc_cat=110&_nc_ohc=8eotoAkdgaIAX-CyUF4&edm=ALQROFkBAAAA&ccb=7-5&ig_cache_key=MjA0NTExMjI0NTM3OTE1NjA4NA%3D%3D.2-ccb7-5&oh=00_AfCO4URjO7NiI_StKihvDY8u6bHaE7xcRvh80Qom6r-w1A&oe=63AFB8E5&_nc_sid=30a2ef,15,0,2019-05-16,1736915
neymarjr,5398,199159255,1715,https://instagram.flim1-2.fna.fbcdn.net/v/t51.2885-15/60535817_1090823607793518_746060877199768009_n.jpg?stp=dst-jpg_e35&_nc_ht=instagram.flim1-2.fna.fbcdn.net&_nc_cat=106&_nc_ohc=p8XTf9j6TnUAX-c6uYe&edm=ALQROFkBAAAA&ccb=7-5&ig_cache_key=MjA0NDQ5MjYzNTIyNTgwOTQxNg%3D%3D.2-ccb7-5&oh=00_AfBqnO6dpyfAhRbaFQ4cXMiT9tPr28lNSoTRz5rtw1eqRg&oe=63B0820E&_nc_sid=30a2ef,10,0,2019-05-15,1018642
neymarjr,5398,199159255,1715,https://instagram.flim1-1.fna.fbcdn.net/v/t51.2885-15/60788845_122196455646953_4461338329967043096_n.jpg?stp=dst-jpg_e35&_nc_ht=instagram.flim1-1.fna.fbcdn.net&_nc_cat=105&_nc_ohc=cglHu_LfW5UAX8qfQbx&edm=ALQROFkBAAAA&ccb=7-5&ig_cache_key=MjA0NDQzNTExNzg5NzkyMTA1Mw%3D%3D.2-ccb7-5&oh=00_AfDEl_lQ58L2H4KOG8jUqKrxfIzkBgDzQWFuVYaEA6GJew&oe=63B12E16&_nc_sid=30a2ef,57,0,2019-05-15,1465827
neymarjr,5398,199159255,1715,https://instagram.flim1-1.fna.fbcdn.net/v/t51.2885-15/59163526_361651114708332_3899693048073302067_n.jpg?stp=dst-jpg_e35&_nc_ht=instagram.flim1-1.fna.fbcdn.net&_nc_cat=100&_nc_ohc=PCMUcJCfvewAX9NcPb6&edm=ALQROFkBAAAA&ccb=7-5&ig_cache_key=MjA0Mzc0NDg4Nzk1NjAxNTAxNg%3D%3D.2-ccb7-5&oh=00_AfDr6qGnhXjavz3SBK8NpNlSkls9rqa9HzuTcCXkWPrnNw&oe=63AFE8D0&_nc_sid=30a2ef,75,0,2019-05-14,1295387
neymarjr,5398,199159255,1715,https://instagram.flim1-1.fna.fbcdn.net/v/t51.2885-15/57240752_167804050908313_1579419062874821132_n.jpg?stp=dst-jpg_e35&_nc_ht=instagram.flim1-1.fna.fbcdn.net&_nc_cat=101&_nc_ohc=cpB_vuttDM0AX8rEIhU&edm=ALQROFkBAAAA&ccb=7-5&ig_cache_key=MjA0MjQxMzc5MjE0MjMwNDYwOA%3D%3D.2-ccb7-5&oh=00_AfBB3IMbDKoPvMtvs2i42IO_f-crxtUKsRm5WEa2xsilSA&oe=63B1223F&_nc_sid=30a2ef,38,0,2019-05-12,1148133
neymarjr,5398,199159255,1715,https://instagram.flim1-2.fna.fbcdn.net/v/t51.2885-15/59298205_399904824190736_5466428752895555066_n.jpg?stp=dst-jpg_e35&_nc_ht=instagram.flim1-2.fna.fbcdn.net&_nc_cat=108&_nc_ohc=n4EHdxKV220AX914hKy&edm=ALQROFkBAAAA&ccb=7-5&ig_cache_key=MjA0MjMwMTQxNzA0MTA0Mjk3Mw%3D%3D.2-ccb7-5&oh=00_AfBLCqnnwZTt7RwZXYoLedKTKGkj3xWIa1FL53K7b7JtVA&oe=63B0DBBD&_nc_sid=30a2ef,50,0,2019-05-12,1014157
neymarjr,5398,199159255,1715,https://instagram.flim1-1.fna.fbcdn.net/v/t51.2885-15/58410811_358517894736948_4068800064302282097_n.jpg?stp=dst-jpg_e35&_nc_ht=instagram.flim1-1.fna.fbcdn.net&_nc_cat=100&_nc_ohc=XV0Lx-VpGl0AX_yTniP&tn=QzxUAcPbhxhENpMi&edm=ALQROFkBAAAA&ccb=7-5&ig_cache_key=MjA0MjEzNzI0ODM3NTQ1MDUzNg%3D%3D.2-ccb7-5&oh=00_AfCzocYtEQGIpLKtZ0kYIutdAJPmyjQUQd7BDpby5acctQ&oe=63AFF1E7&_nc_sid=30a2ef,65,0,2019-05-12,1392266
neymarjr,5398,199159255,1715,https://instagram.flim1-1.fna.fbcdn.net/v/t51.2885-15/58961848_2598597630150963_203929834359253562_n.jpg?stp=dst-jpg_e35&_nc_ht=instagram.flim1-1.fna.fbcdn.net&_nc_cat=103&_nc_ohc=V9D7GG6kiDwAX862XBO&edm=ALQROFkBAAAA&ccb=7-5&ig_cache_key=MjAzOTk4NDgyODg1MzU2ODQ4MA%3D%3D.2-ccb7-5&oh=00_AfCuie5NlIO7KId1pYpnl7WanbJ5-l1Zzj9TsH2xTo4foQ&oe=63B0C91C&_nc_sid=30a2ef,34,0,2019-05-09,1304489
neymarjr,5398,199159255,1715,https://instagram.flim1-1.fna.fbcdn.net/v/t51.2885-15/58410416_139496953848133_5666257959864466073_n.jpg?stp=dst-jpg_e35&_nc_ht=instagram.flim1-1.fna.fbcdn.net&_nc_cat=101&_nc_ohc=At-8drUsF9gAX_ZsAIp&tn=QzxUAcPbhxhENpMi&edm=ALQROFkBAAAA&ccb=7-5&ig_cache_key=MjAzNzA5NjkwNzA2MjYxNjYwNw%3D%3D.2-ccb7-5&oh=00_AfA1u6hOqC7jZlTz3vY8ql6ZiXpwXdkJCQoS-SuWLVfjLQ&oe=63AF6F80&_nc_sid=30a2ef,133,0,2019-05-05,1456074
neymarjr,5398,199159255,1715,https://instagram.flim1-2.fna.fbcdn.net/v/t51.2885-15/58409360_572861789870926_5518096399867554945_n.jpg?stp=dst-jpg_e35&_nc_ht=instagram.flim1-2.fna.fbcdn.net&_nc_cat=110&_nc_ohc=Mbnzigg-Y1gAX_Ta2Ma&tn=QzxUAcPbhxhENpMi&edm=ALQROFkBAAAA&ccb=7-5&ig_cache_key=MjAzNTIwMDgxNDIxNzE4MjQ0OA%3D%3D.2-ccb7-5&oh=00_AfAxWMPbWqqjU-cpV0UnSAnaPcqyi2OZFMP3Fc0luI6Hhw&oe=63B0ADAB&_nc_sid=30a2ef,29,0,2019-05-03,1142393
neymarjr,5398,199159255,1715,https://instagram.flim1-1.fna.fbcdn.net/v/t51.2885-15/58772387_593669287785077_2241584984675944798_n.jpg?stp=dst-jpg_e35&_nc_ht=instagram.flim1-1.fna.fbcdn.net&_nc_cat=105&_nc_ohc=5j0eA8vpKNMAX96l1gn&edm=ALQROFkBAAAA&ccb=7-5&ig_cache_key=MjAzNTE2NjY2MjYyNTU1MDM4Nw%3D%3D.2-ccb7-5&oh=00_AfCI2COQZyY5zIb2bKe_ZFhlzU-BXRiTAe_rIt3iz4GPtg&oe=63B11AE3&_nc_sid=30a2ef,23,0,2019-05-02,1467161
neymarjr,5398,199159255,1715,https://instagram.flim1-2.fna.fbcdn.net/v/t51.2885-15/57411821_336902740302010_2716150005613072361_n.jpg?stp=dst-jpg_e35&_nc_ht=instagram.flim1-2.fna.fbcdn.net&_nc_cat=110&_nc_ohc=6rK_-xjE2YUAX-yuEFx&edm=ALQROFkBAAAA&ccb=7-5&ig_cache_key=MjAzMzU3MDU2NzY1OTAyODM1Mg%3D%3D.2-ccb7-5&oh=00_AfBffiHo477uXd8mum1WjpXPwLArniZEr3fJO5XH3UXZnQ&oe=63B0A489&_nc_sid=30a2ef,41,0,2019-04-30,1062929
neymarjr,5398,199159255,1715,https://instagram.flim1-1.fna.fbcdn.net/v/t51.2885-15/57506442_314644739213933_2560170698427700843_n.jpg?stp=dst-jpg_e35&_nc_ht=instagram.flim1-1.fna.fbcdn.net&_nc_cat=105&_nc_ohc=5IXN3vXTBsYAX9oaDL3&edm=ALQROFkBAAAA&ccb=7-5&ig_cache_key=MjAzMzM4ODk5NzkxNjUyNzk5OA%3D%3D.2-ccb7-5&oh=00_AfA12n1weRZFmd7NAIyPcNIa2d3PTO9EMcDSRINLLaMYoA&oe=63AFFC55&_nc_sid=30a2ef,10,0,2019-04-30,1450414
neymarjr,5398,199159255,1715,https://instagram.flim1-1.fna.fbcdn.net/v/t51.2885-15/56881491_861540980845176_5307867961511402914_n.jpg?stp=dst-jpg_e35&_nc_ht=instagram.flim1-1.fna.fbcdn.net&_nc_cat=100&_nc_ohc=4yCjRe76c90AX_28Lvo&edm=ALQROFkBAAAA&ccb=7-5&ig_cache_key=MjAzMTYxMjAwNzY1MTkyODkwMQ%3D%3D.2-ccb7-5&oh=00_AfALJ0cVyY9xwmjeeTSx3-nfTyDH4omvfWL7QJMCwBPwUg&oe=63B0D425&_nc_sid=30a2ef,340,0,2019-04-27,2131674
neymarjr,5398,199159255,1715,https://instagram.flim1-1.fna.fbcdn.net/v/t51.2885-15/57198871_851796078492003_2889490956195258189_n.jpg?stp=dst-jpg_e35&_nc_ht=instagram.flim1-1.fna.fbcdn.net&_nc_cat=103&_nc_ohc=6O_dHYjyNNoAX-D1lLz&edm=ALQROFkBAAAA&ccb=7-5&ig_cache_key=MjAzMTQyMDE4MzAxMjE4NDMxMw%3D%3D.2-ccb7-5&oh=00_AfAY_ZesT7b1gamC-WUhzhzRdWSfHCN88bSUaTGnRY3MNg&oe=63B0DE9B&_nc_sid=30a2ef,61,0,2019-04-27,1728648
neymarjr,5398,199159255,1715,https://instagram.flim1-2.fna.fbcdn.net/v/t51.2885-15/57343644_132524404508630_141246935607739015_n.jpg?stp=dst-jpg_e35&_nc_ht=instagram.flim1-2.fna.fbcdn.net&_nc_cat=102&_nc_ohc=_6KTLVmsm78AX-yxUii&edm=ALQROFkBAAAA&ccb=7-5&ig_cache_key=MjAyNzI1OTMyMjM1NDEwMDQxOQ%3D%3D.2-ccb7-5&oh=00_AfA_AdvBK0sdxfmL4cE2ZfPJ2WjcKNohi_tEngxIrV79Tw&oe=63B11D86&_nc_sid=30a2ef,30,0,2019-04-21,2002873
neymarjr,5398,199159255,1715,https://instagram.flim1-1.fna.fbcdn.net/v/t51.2885-15/56209779_661102147637212_6161670694519926873_n.jpg?stp=dst-jpg_e35&_nc_ht=instagram.flim1-1.fna.fbcdn.net&_nc_cat=104&_nc_ohc=9wUlPU3U02oAX9xc8Zz&edm=ALQROFkBAAAA&ccb=7-5&ig_cache_key=MjAyNTYxNDMwNzU4NDM1MjA0OQ%3D%3D.2-ccb7-5&oh=00_AfC_EKQ6bP67qA0Oz0n3fhXEUSRXNzEwZGSr4i6qJVhGEQ&oe=63AFA015&_nc_sid=30a2ef,47,1,2019-04-19,1180043
kendalljenner,649,268149609,229,https://instagram.flim1-2.fna.fbcdn.net/v/t51.2885-15/15057218_226774454420730_8747595600121298944_n.jpg?stp=dst-jpg_e15&_nc_ht=instagram.flim1-2.fna.fbcdn.net&_nc_cat=106&_nc_ohc=vUrwwZOihR4AX_k15fc&edm=ALQROFkBAAAA&ccb=7-5&ig_cache_key=NjczODgyNzc0OTQwMDYwODI0.2-ccb7-5&oh=00_AfBou-uxoYtF0tuZ-_lmuiaEVuwMtplzGQzwsGAX-W1-Ow&oe=63B09B0B&_nc_sid=30a2ef,77,2,2014-03-11,286342
kendalljenner,649,268149609,229,https://instagram.flim1-2.fna.fbcdn.net/v/t51.2885-15/14553091_227487261015926_5862246298769424384_n.jpg?stp=dst-jpg_e15&_nc_ht=instagram.flim1-2.fna.fbcdn.net&_nc_cat=102&_nc_ohc=o-RgIVayxgoAX9nIs0Z&edm=ALQROFkBAAAA&ccb=7-5&ig_cache_key=NjY4ODU2NjM5NzM0ODQ0NjAx.2-ccb7-5&oh=00_AfDGhw0ZEa4LJFTIcykv3xv-M0awAt2GrPT8vDg7acI8ZQ&oe=63B0BA93&_nc_sid=30a2ef,119,1,2014-03-04,492561
kendalljenner,649,268149609,229,https://instagram.flim1-1.fna.fbcdn.net/v/t51.2885-15/15099365_218135958611593_5259166846698913792_n.jpg?stp=dst-jpg_e15&_nc_ht=instagram.flim1-1.fna.fbcdn.net&_nc_cat=101&_nc_ohc=WAM_R2pVKEMAX9KMh3w&tn=QzxUAcPbhxhENpMi&edm=ALQROFkBAAAA&ccb=7-5&ig_cache_key=NjY3NjM4OTg5MDA4NTcxNTI1.2-ccb7-5&oh=00_AfCZ7azBAyqEft023WH3qIuBA3YFHOxCugAaY5dHqL89ig&oe=63B087D4&_nc_sid=30a2ef,53,1,2014-03-03,456887
kendalljenner,649,268149609,229,https://instagram.flim1-2.fna.fbcdn.net/v/t51.2885-15/15056689_1323801714297582_3318066384545513472_n.jpg?stp=dst-jpg_e15&_nc_ht=instagram.flim1-2.fna.fbcdn.net&_nc_cat=106&_nc_ohc=zxJciqnFd3sAX--cSAB&edm=ALQROFkBAAAA&ccb=7-5&ig_cache_key=NjY3NDkzNTE2NDExMDQ3NDA2.2-ccb7-5&oh=00_AfAOTyVFUv3MoJ8wq8Hv9lJfWm8aAVEr4P7tcyzjq-QZmw&oe=63B0B8BA&_nc_sid=30a2ef,31,1,2014-03-02,425920
kendalljenner,649,268149609,229,https://instagram.flim1-1.fna.fbcdn.net/v/t51.2885-15/15034662_1127868193994191_6489288889507774464_n.jpg?stp=dst-jpg_e15&_nc_ht=instagram.flim1-1.fna.fbcdn.net&_nc_cat=107&_nc_ohc=KkYKa5rRIf0AX8g4vWe&edm=ALQROFkBAAAA&ccb=7-5&ig_cache_key=NjY1OTMzMDgxMTIzNjU0Njgx.2-ccb7-5&oh=00_AfCSTNHKVZox9ZJdBzlan8OMyxC_cba7aLJBmBZg_wq83w&oe=63B019A2&_nc_sid=30a2ef,25,1,2014-02-28,282906
kendalljenner,649,268149609,229,https://instagram.flim1-2.fna.fbcdn.net/v/t51.2885-15/15034951_1274060329312974_1170198345562456064_n.jpg?stp=dst-jpg_e15&_nc_ht=instagram.flim1-2.fna.fbcdn.net&_nc_cat=106&_nc_ohc=38OFGciSOY0AX9A8_eh&tn=QzxUAcPbhxhENpMi&edm=ALQROFkBAAAA&ccb=7-5&ig_cache_key=NjU3MjExNDA1MDk1NTcxMzQz.2-ccb7-5&oh=00_AfBC6WgQN6YXKZog6w0lS4EVeK4D5pjQPBsK9Gl9bHZwyQ&oe=63B0935B&_nc_sid=30a2ef,80,1,2014-02-16,339372
kendalljenner,649,268149609,229,https://instagram.flim1-1.fna.fbcdn.net/v/t51.2885-15/15101523_682915858556940_4684378546070618112_n.jpg?stp=dst-jpg_e15&_nc_ht=instagram.flim1-1.fna.fbcdn.net&_nc_cat=100&_nc_ohc=e-_50dr9RJAAX9999gl&edm=ALQROFkBAAAA&ccb=7-5&ig_cache_key=NjU2NTQ4MjkwNzA4Mjc4NTAw.2-ccb7-5&oh=00_AfBjnTT2slV8H4j70YdU34KFOxDwgsEanvrUFkZg2ZMeNA&oe=63B00288&_nc_sid=30a2ef,46,0,2014-02-15,290139
kendalljenner,649,268149609,229,https://instagram.flim1-2.fna.fbcdn.net/v/t51.2885-15/15034699_201628396959527_751189728530792448_n.jpg?stp=dst-jpg_e15&_nc_ht=instagram.flim1-2.fna.fbcdn.net&_nc_cat=111&_nc_ohc=IftxLwP2E2UAX8DVv9k&edm=ALQROFkBAAAA&ccb=7-5&ig_cache_key=NjUyOTExMTc3ODczOTE5OTE0.2-ccb7-5&oh=00_AfAveynMSRnvToG0_JErvya7Ur91F5kuLQjOXLwb0sHwew&oe=63AF8FF3&_nc_sid=30a2ef,83,1,2014-02-10,552152
kendalljenner,649,268149609,229,https://instagram.flim1-1.fna.fbcdn.net/v/t51.2885-15/15099510_1824026971147229_3793828068066328576_n.jpg?stp=dst-jpg_e15&_nc_ht=instagram.flim1-1.fna.fbcdn.net&_nc_cat=105&_nc_ohc=3WbOpeq_5LIAX9Wo0CS&edm=ALQROFkBAAAA&ccb=7-5&ig_cache_key=NjUyMjA2OTQ0NDg0NzU2NzA0.2-ccb7-5&oh=00_AfCgsp5Dm6Q98GP4tCDOSH99Z8MfFeP5J2r7sJpBSFHHaQ&oe=63B0590F&_nc_sid=30a2ef,83,1,2022-02-20,277504
kendalljenner,649,268149609,229,https://instagram.flim1-1.fna.fbcdn.net/v/t51.2885-15/15043524_1759408947654411_2905093721278119936_n.jpg?stp=dst-jpg_e15&_nc_ht=instagram.flim1-1.fna.fbcdn.net&_nc_cat=103&_nc_ohc=xYzbqx8WA1kAX_CPFb_&edm=ALQROFkBAAAA&ccb=7-5&ig_cache_key=NjUwODc5MjE2ODkyNDE1Njk3.2-ccb7-5&oh=00_AfAduRYavvAv0E9yzeXFT3Xl6o0rEAJVGNKxVRj6x9VN8g&oe=63B12F65&_nc_sid=30a2ef,49,0,2014-02-07,315627
kendalljenner,649,268149609,229,https://instagram.flim1-2.fna.fbcdn.net/v/t51.2885-15/15101526_222939754784342_7239003228052914176_n.jpg?stp=dst-jpg_e15&_nc_ht=instagram.flim1-2.fna.fbcdn.net&_nc_cat=102&_nc_ohc=vqnMNSbx1bcAX9AH7N5&edm=ALQROFkBAAAA&ccb=7-5&ig_cache_key=NjI3ODM3NDIwMjQ3NjE2NTQz.2-ccb7-5&oh=00_AfD9--N2OE8I4YkJHuheo0sbAVPhXDnfvBZH8-ZZJ5D90g&oe=63AFCDBC&_nc_sid=30a2ef,30,0,2014-01-07,341470
kendalljenner,649,268149609,229,https://instagram.flim1-2.fna.fbcdn.net/v/t51.2885-15/15056554_344982079194930_3595898786607529984_n.jpg?stp=dst-jpg_e15&_nc_ht=instagram.flim1-2.fna.fbcdn.net&_nc_cat=106&_nc_ohc=PG76EoOYQ8kAX9UAm-T&tn=QzxUAcPbhxhENpMi&edm=ALQROFkBAAAA&ccb=7-5&ig_cache_key=NTkzNzA2NDUzMjUzOTE4MzIy.2-ccb7-5&oh=00_AfCFTS5uK9JY-uGmEI-l3w2Ch7-mJDudN4M5bTvgsWD0GQ&oe=63B0C683&_nc_sid=30a2ef,26,0,2013-11-21,416930
kendalljenner,649,268149609,229,https://instagram.flim1-1.fna.fbcdn.net/v/t51.2885-15/15056743_709829202515297_9061724182391291904_n.jpg?stp=dst-jpg_e15&_nc_ht=instagram.flim1-1.fna.fbcdn.net&_nc_cat=105&_nc_ohc=O7M5Ar4NtWsAX8WgIn5&edm=ALQROFkBAAAA&ccb=7-5&ig_cache_key=NTkyMTU4MTY0NzI5NjMwNDEx.2-ccb7-5&oh=00_AfAAAvwP5IUhBvDhZvwG4adGj0QTibOtWASu2MRTGSTP4A&oe=63B0086F&_nc_sid=30a2ef,4,0,2013-11-18,291569
kendalljenner,649,268149609,229,https://instagram.flim1-2.fna.fbcdn.net/v/t51.2885-15/15057232_1825457814345590_3529789516116131840_n.jpg?stp=dst-jpg_e15&_nc_ht=instagram.flim1-2.fna.fbcdn.net&_nc_cat=102&_nc_ohc=WdiRUIPdmHoAX9kgPmu&edm=ALQROFkBAAAA&ccb=7-5&ig_cache_key=NTc3MDAzOTEzMDYxNzY0NzY0.2-ccb7-5&oh=00_AfBbLUU8GlyIbOv9PZt7leiFTX494u1v0kAsQXAxzuxgpA&oe=63B0CE71&_nc_sid=30a2ef,13,0,2013-10-28,313033
kendalljenner,649,268149609,229,https://instagram.flim1-1.fna.fbcdn.net/v/t51.2885-15/15043498_1306692929388528_2984075833389350912_n.jpg?stp=dst-jpg_e15&_nc_ht=instagram.flim1-1.fna.fbcdn.net&_nc_cat=100&_nc_ohc=TOXGYWkvH_oAX_XZMyS&edm=ALQROFkBAAAA&ccb=7-5&ig_cache_key=NTcyNTUxNjA5MDU5MjgyNTE4.2-ccb7-5&oh=00_AfCJB32BIDScQ5a0DN4INdAcxuGdcAf9dfJ_Hd3hqCsJxA&oe=63B0963E&_nc_sid=30a2ef,3,0,2013-10-22,373740
kendalljenner,649,268149609,229,https://instagram.flim1-2.fna.fbcdn.net/v/t51.2885-15/15048226_366121963726280_5947472850947407872_n.jpg?stp=dst-jpg_e15&_nc_ht=instagram.flim1-2.fna.fbcdn.net&_nc_cat=108&_nc_ohc=71OTPcZYtk8AX8TVo_t&tn=QzxUAcPbhxhENpMi&edm=ALQROFkBAAAA&ccb=7-5&ig_cache_key=NTQ1MjAwMjMyNjQxNDk4NDA5.2-ccb7-5&oh=00_AfCqVpAwNioju7n0qmtdCR2XIBjrJVl5XrDOHJU7LjLcYg&oe=63B01F26&_nc_sid=30a2ef,107,1,2013-09-15,307800
kendalljenner,649,268149609,229,https://instagram.flim1-1.fna.fbcdn.net/v/t51.2885-15/15099368_342775859419361_9188203899742322688_n.jpg?stp=dst-jpg_e15&_nc_ht=instagram.flim1-1.fna.fbcdn.net&_nc_cat=105&_nc_ohc=T68nC5cQ7qcAX9lypLq&edm=ALQROFkBAAAA&ccb=7-5&ig_cache_key=NTQyOTE5MDM5OTkyNjMwODI0.2-ccb7-5&oh=00_AfDbFCLOCS-tDnv2sUr05JzGQlX69xgy5yvcz190dHNbuw&oe=63AFCF7A&_nc_sid=30a2ef,16,0,2013-09-11,400816
kendalljenner,649,268149609,229,https://instagram.flim1-2.fna.fbcdn.net/v/t51.2885-15/14624568_1836945939873488_9185544846834663424_n.jpg?stp=dst-jpg_e15&_nc_ht=instagram.flim1-2.fna.fbcdn.net&_nc_cat=108&_nc_ohc=jMpU8iCbVVcAX8LVJKn&edm=ALQROFkBAAAA&ccb=7-5&ig_cache_key=NTA5NTEwMzIyMDg5NzkwNDk3.2-ccb7-5&oh=00_AfDzCPY-2SX7al8-je3keUZ-ZAKjgX_0bPCXMk0mmTDmlA&oe=63B0AAA4&_nc_sid=30a2ef,42,0,2013-07-27,287123
kendalljenner,649,268149609,229,https://instagram.flim1-1.fna.fbcdn.net/v/t51.2885-15/15043430_735893129911528_8511157057771012096_n.jpg?stp=dst-jpg_e15&_nc_ht=instagram.flim1-1.fna.fbcdn.net&_nc_cat=104&_nc_ohc=jZJhAEtTPZoAX9okgIm&edm=ALQROFkBAAAA&ccb=7-5&ig_cache_key=NTA4NzI2MTA0Nzc0NTc3MzQx.2-ccb7-5&oh=00_AfDdil33KWybBVQfGCee-0bcwQflirSMAxBYEnYw1g1Lfg&oe=63AF9266&_nc_sid=30a2ef,10,0,2013-07-26,343445
kendalljenner,649,268149609,229,https://instagram.flim1-1.fna.fbcdn.net/v/t51.2885-15/15035788_1240258736041299_2424676211604062208_n.jpg?stp=dst-jpg_e15&_nc_ht=instagram.flim1-1.fna.fbcdn.net&_nc_cat=103&_nc_ohc=x3klbvld3-MAX-nOToq&edm=ALQROFkBAAAA&ccb=7-5&ig_cache_key=NTA3Mzc0MDY2NzUyOTgyNjY0.2-ccb7-5&oh=00_AfBQmWsv6xReX9rC1AzjC7fCUNSiI3RBpYchDF3uKHYmHw&oe=63B0AF50&_nc_sid=30a2ef,55,0,2013-07-24,246514
kendalljenner,649,268149609,229,https://instagram.flim1-1.fna.fbcdn.net/v/t51.2885-15/15101660_1253106181395401_8882225894089818112_n.jpg?stp=dst-jpg_e15&_nc_ht=instagram.flim1-1.fna.fbcdn.net&_nc_cat=105&_nc_ohc=0oKLf2aPXNEAX-gYLiv&tn=QzxUAcPbhxhENpMi&edm=ALQROFkBAAAA&ccb=7-5&ig_cache_key=NTAyMjgyMzQzNjQ3NDQ4Njcy.2-ccb7-5&oh=00_AfA9OyJiHr00lRdEN5BgauMa2wz67UTGAnkV9k8lbnnjIA&oe=63B0227C&_nc_sid=30a2ef,12,0,2013-07-17,475978
kendalljenner,649,268149609,229,https://instagram.flim1-1.fna.fbcdn.net/v/t51.2885-15/15056579_1775520692707023_8246334837498052608_n.jpg?stp=dst-jpg_e15&_nc_ht=instagram.flim1-1.fna.fbcdn.net&_nc_cat=103&_nc_ohc=IbIdESORmAsAX_GM-vk&edm=ALQROFkBAAAA&ccb=7-5&ig_cache_key=NDQ4ODA5MzY0ODYzNDg3NTA5.2-ccb7-5&oh=00_AfCWJHBehaPPsKaHOhq4an1xv0DBCMyMUB27F6DhyaGB5A&oe=63B03023&_nc_sid=30a2ef,19,1,2013-05-05,396967
kendalljenner,649,268149609,229,https://instagram.flim1-2.fna.fbcdn.net/v/t51.2885-15/15047010_200384753740676_603222203898527744_n.jpg?stp=dst-jpg_e15&_nc_ht=instagram.flim1-2.fna.fbcdn.net&_nc_cat=108&_nc_ohc=y3LFEjPPlfoAX_XkwpF&edm=ALQROFkBAAAA&ccb=7-5&ig_cache_key=NDIzMzA4NjQ5NzQ3NjE0Nzg2.2-ccb7-5&oh=00_AfCgIBtgAoXhVinSkX26sI9GghdA859D7Jb3UjXYdXHYVw&oe=63B06D71&_nc_sid=30a2ef,48,1,2013-03-30,311189
kendalljenner,649,268149609,229,https://instagram.flim1-1.fna.fbcdn.net/v/t51.2885-15/15034659_1335367869807576_5189221951368855552_n.jpg?stp=dst-jpg_e15&_nc_ht=instagram.flim1-1.fna.fbcdn.net&_nc_cat=100&_nc_ohc=H2dCjk0D7J8AX9iytBP&edm=ALQROFkBAAAA&ccb=7-5&ig_cache_key=NDAyMTg5MjQ3Mzg4MjI1Mjc0.2-ccb7-5&oh=00_AfD5D_Hb9eWvzKZ5W99iiX7OcIOM8U5oakBWpQY3H5EUjA&oe=63B0152A&_nc_sid=30a2ef,28,0,2013-03-01,216103
kendalljenner,649,268149609,229,https://instagram.flim1-1.fna.fbcdn.net/v/t51.2885-15/15043643_265910943807279_5302754313712435200_n.jpg?stp=dst-jpg_e15&_nc_ht=instagram.flim1-1.fna.fbcdn.net&_nc_cat=103&_nc_ohc=nBwsTOCvxDsAX9XlzeG&edm=ALQROFkBAAAA&ccb=7-5&ig_cache_key=Mzk0MTk2MjkyNTg5MjI3MjQw.2-ccb7-5&oh=00_AfDYAx0K5jju39ZkHWKF1eBXA-RmBPdOnlYBLDL1l3sepQ&oe=63B0B9BA&_nc_sid=30a2ef,2,0,2021-08-02,226045
kendalljenner,649,268149609,229,https://instagram.flim1-1.fna.fbcdn.net/v/t51.2885-15/15056730_320721944975701_3896751551951142912_n.jpg?stp=dst-jpg_e15&_nc_ht=instagram.flim1-1.fna.fbcdn.net&_nc_cat=101&_nc_ohc=fJWQOTHSx-0AX_W4C3C&tn=QzxUAcPbhxhENpMi&edm=ALQROFkBAAAA&ccb=7-5&ig_cache_key=MzYyNjI2ODk3NzY5NTY1MzIw.2-ccb7-5&oh=00_AfAKUZZAD3r8z199_exWs85SYu1Hm4EZue1LBoELZyEq8g&oe=63AFC0BC&_nc_sid=30a2ef,30,0,2013-01-06,178475
kendalljenner,649,268149609,229,https://instagram.flim1-2.fna.fbcdn.net/v/t51.2885-15/15101514_1182276161852303_1035986037811183616_n.jpg?stp=dst-jpg_e15&_nc_ht=instagram.flim1-2.fna.fbcdn.net&_nc_cat=111&_nc_ohc=nMc6iNQHtdQAX_KnCRG&edm=ALQROFkBAAAA&ccb=7-5&ig_cache_key=MzMyODAzNjE2Nzk1NDMwMTI4.2-ccb7-5&oh=00_AfAZgXzHNod-dj2yh0bNpdLilzV8dY9AtrxLo-Ytg9KvFg&oe=63AF9DBC&_nc_sid=30a2ef,46,1,2012-11-26,256798
kendalljenner,649,268149609,229,https://instagram.flim1-1.fna.fbcdn.net/v/t51.2885-15/15057180_645297195630139_734345644184961024_n.jpg?stp=dst-jpg_e15&_nc_ht=instagram.flim1-1.fna.fbcdn.net&_nc_cat=107&_nc_ohc=0olvNo03SHAAX8izb9i&edm=ALQROFkBAAAA&ccb=7-5&ig_cache_key=MTQ1MDE0OTk2.2-ccb7-5&oh=00_AfAboLXaLBUKFC0buaJcDva88bVRW91qVEqtF6SMLnvvdw&oe=63B11E15&_nc_sid=30a2ef,11,0,2011-07-27,56633
justinbieber,7391,271177369,733,https://instagram.flim1-1.fna.fbcdn.net/v/t51.2885-15/274382867_496334335226872_2247583413864809711_n.jpg?stp=dst-jpg_e35&_nc_ht=instagram.flim1-1.fna.fbcdn.net&_nc_cat=104&_nc_ohc=QbxCIzuU_NYAX_Emr-k&edm=ALQROFkBAAAA&ccb=7-5&ig_cache_key=Mjc3ODc3NDE2Nzk1MDc3OTgyMg%3D%3D.2-ccb7-5&oh=00_AfAcPkjd6AyiFfniiFnd9DImDSteqVXYr7oby_DwPLBamA&oe=63B096DF&_nc_sid=30a2ef,14,0,2022-02-21,771429
justinbieber,7391,271177369,733,,14,0,2022-02-21,682549
justinbieber,7391,271177369,733,,14,0,2022-02-21,1021800
justinbieber,7391,271177369,733,,13,0,2022-02-21,1124358
justinbieber,7391,271177369,733,,14,0,2022-02-21,1194285
justinbieber,7391,271177369,733,,14,0,2022-10-16,1938617
justinbieber,7391,271177369,733,https://instagram.flim1-2.fna.fbcdn.net/v/t51.2885-15/274132228_2042547359239514_3878580059009437122_n.jpg?stp=dst-jpg_e35&_nc_ht=instagram.flim1-2.fna.fbcdn.net&_nc_cat=102&_nc_ohc=9To6TA3flpcAX8liBxB&tn=QzxUAcPbhxhENpMi&edm=ALQROFkBAAAA&ccb=7-5&ig_cache_key=Mjc3NDM0MDY5NDA2NjUzMjE1MA%3D%3D.2-ccb7-5&oh=00_AfAsomdE6CImAsTVUkDKfn4d6WcdX4TqNSxlz9FelzsGoQ&oe=63AF6506&_nc_sid=30a2ef,14,0,2022-09-17,1648614
justinbieber,7391,271177369,733,,26,0,2022-02-14,4864497
justinbieber,7391,271177369,733,,26,0,2022-09-17,1299824
justinbieber,7391,271177369,733,,252,0,2022-02-11,1144355
justinbieber,7391,271177369,733,,11,0,2022-02-10,1398073
justinbieber,7391,271177369,733,,24,0,2022-02-09,2087115
justinbieber,7391,271177369,733,,25,0,2022-02-09,624743
justinbieber,7391,271177369,733,,25,0,2022-02-09,540150
justinbieber,7391,271177369,733,,25,0,2022-02-09,550410
justinbieber,7391,271177369,733,,25,0,2022-02-09,525146
justinbieber,7391,271177369,733,,14,0,2022-02-08,1208722
justinbieber,7391,271177369,733,,18,0,2022-02-08,1055734
justinbieber,7391,271177369,733,,11,0,2022-02-08,706685
justinbieber,7391,271177369,733,,43,0,2022-02-08,1640871
justinbieber,7391,271177369,733,,34,0,2022-02-07,1454775
justinbieber,7391,271177369,733,,11,0,2022-02-07,2686746
justinbieber,7391,271177369,733,,10,0,2022-02-01,1942247
justinbieber,7391,271177369,733,https://instagram.flim1-2.fna.fbcdn.net/v/t51.2885-15/272978928_361698649125930_1970325614666427930_n.jpg?stp=dst-jpg_e35&_nc_ht=instagram.flim1-2.fna.fbcdn.net&_nc_cat=106&_nc_ohc=V-U2lyWMR7wAX_iKFA1&edm=ALQROFkBAAAA&ccb=7-5&ig_cache_key=Mjc2MzM4NzAyOTMxMjI3NTY2Mg%3D%3D.2-ccb7-5&oh=00_AfDf_U4b2X48wi2MPG3dq85jj6L25TSGBj6YJCBbGHXelw&oe=63B033C5&_nc_sid=30a2ef,161,1,2022-01-31,1798081
justinbieber,7391,271177369,733,,16,0,2022-01-23,1923782
justinbieber,7391,271177369,733,,16,0,2022-12-26,2283711
justinbieber,7391,271177369,733,,16,0,2022-11-26,2104537
justinbieber,7391,271177369,733,https://instagram.flim1-2.fna.fbcdn.net/v/t51.2885-15/271938358_629696458144002_2395386197428766220_n.jpg?stp=dst-jpg_e15&_nc_ht=instagram.flim1-2.fna.fbcdn.net&_nc_cat=106&_nc_ohc=LMTCI8kXEJIAX_rpeUm&edm=ALQROFkBAAAA&ccb=7-5&ig_cache_key=Mjc1MzQ2NzgwNjkxNjcyNzc4NA%3D%3D.2-ccb7-5&oh=00_AfDO8jfoMhtnv6r-CVQ8R2kaFMQRM_iu5qKSmN5COWxs-g&oe=63AFB95A&_nc_sid=30a2ef,16,0,2022-12-05,755981
justinbieber,7391,271177369,733,,14,0,2022-01-07,2052407
justinbieber,7391,271177369,733,,14,0,2022-12-03,2941118
justinbieber,7391,271177369,733,,37,0,2022-01-07,692882
justinbieber,7391,271177369,733,,37,0,2022-09-10,1474921
justinbieber,7391,271177369,733,https://instagram.flim1-1.fna.fbcdn.net/v/t51.2885-15/271348606_719075069466240_3805440908295144530_n.jpg?stp=dst-jpg_e35&_nc_ht=instagram.flim1-1.fna.fbcdn.net&_nc_cat=100&_nc_ohc=6QHRqdz-GgoAX-JLLle&edm=ALQROFkBAAAA&ccb=7-5&ig_cache_key=Mjc0NTQwMjI5NDAwNTQ5NDAxMQ%3D%3D.2-ccb7-5&oh=00_AfBEh8TT3s7q_FUb0R7HKPVxylVDr8SKCfsxPwALXY7g_w&oe=63B08B45&_nc_sid=30a2ef,37,0,2022-11-29,1088592
justinbieber,7391,271177369,733,,37,0,2022-10-19,2191654
justinbieber,7391,271177369,733,,19,0,2022-01-04,1011171
justinbieber,7391,271177369,733,,19,0,2022-09-17,1014284
justinbieber,7391,271177369,733,,14,0,2022-01-01,5210945
justinbieber,7391,271177369,733,https://instagram.flim1-2.fna.fbcdn.net/v/t51.2885-15/270198870_440386174220156_3382385459735272014_n.jpg?stp=dst-jpg_e35&_nc_ht=instagram.flim1-2.fna.fbcdn.net&_nc_cat=108&_nc_ohc=EI6vZp6KwB4AX-ho6PJ&edm=ALQROFkBAAAA&ccb=7-5&ig_cache_key=Mjc0MDEyMzQ0NTYzMzAzNzU0MA%3D%3D.2-ccb7-5&oh=00_AfA-Fd316cAOhQnkUQ_7yGyQyZJowKF_fVI_E9l6ytNm0Q&oe=63B0AC41&_nc_sid=30a2ef,21,0,2021-12-30,823971
justinbieber,7391,271177369,733,,24,0,2021-12-29,5158454
justinbieber,7391,271177369,733,https://instagram.flim1-2.fna.fbcdn.net/v/t51.2885-15/270011686_430063855493258_8062720858369230733_n.jpg?stp=dst-jpg_e35&_nc_ht=instagram.flim1-2.fna.fbcdn.net&_nc_cat=102&_nc_ohc=HTXuzUuA-AcAX-_SP03&edm=ALQROFkBAAAA&ccb=7-5&ig_cache_key=MjczNjU2OTc2OTc1MjY2NzcwMg%3D%3D.2-ccb7-5&oh=00_AfCIqvmauy13XBvyGN1ZADfBbY_e5As11sVukzCa1Kd9Lg&oe=63B033B2&_nc_sid=30a2ef,36,0,2021-12-25,885939
justinbieber,7391,271177369,733,,34,0,2021-12-25,881777
